id_partida,mapa,kills,asistencias,muertes,headshots,rango,subrango,acs,fb,fd,racha,rondas_ganadas,rondas_perdidas,es_main,num_amigos,desconocidos
41b04834-ea45-4cce-962c-0b8bc1903f08,Summit,15,17,23,7,Bronze,1.0,147.071,1,3,0,14,14,0,0,4
174fd26e-12e8-4a0e-9d24-390ef8e64a4b,Sunset,15,8,15,10,Iron,3.0,204.292,0,1,1,13,11,1,0,4
1200e515-71c1-4606-a521-18536a19a78c,Breeze,12,9,14,10,Iron,3.0,181.05,2,2,2,13,7,0,2,2
cdaa1e3d-4f2b-4826-a979-f12029453c15,Ascent,14,3,20,8,Iron,3.0,134.321,1,1,2,14,14,1,2,2
4e57736f-3968-4f68-ba08-be7f96fae8a8,Sunset,14,6,15,10,Bronze,1.0,210.632,1,0,1,13,6,0,0,4
18d62a23-6052-4e2e-ac22-8b11e07337bc,Split,16,10,13,7,Bronze,1.0,218.087,4,3,1,13,10,0,2,2
5938b24c-9ab9-4238-9842-b645b2837c00,Breeze,15,1,7,9,Bronze,1.0,250.267,3,3,2,13,2,0,2,2
9337c122-2132-4761-990b-5e05bc49446f,Lotus,7,1,15,5,Bronze,1.0,119.167,1,2,0,5,13,0,2,2
644f118a-5385-47ec-8f0f-f24a00b55ed4,Ascent,8,2,6,5,Bronze,2.0,126.733,0,0,1,10,2,0,1,3
79d56d2f-8b2b-4877-8cf5-d2145c6cb490,Haven,9,6,12,5,Bronze,1.0,115.789,0,1,2,13,6,0,1,3
f1234974-fb25-4404-9dd5-7b73d544110d,Ascent,10,5,16,7,Bronze,2.0,184.412,2,1,0,4,13,1,1,3
5a41ac82-938c-49f8-94c8-783f4462297f,Breeze,2,1,14,3,Bronze,2.0,70.143,0,1,0,1,13,0,1,3
7cc3cd87-eb78-4ec1-8ed6-29d837d465af,Haven,12,9,18,3,Bronze,2.0,142.375,1,1,1,13,11,0,1,3
9c951266-8c41-49c8-92d4-882f1a11326c,Breeze,8,3,14,4,Bronze,2.0,185.812,0,2,0,3,13,0,0,4
5003b94c-71cb-4404-8bc1-a7387ae85ba0,Breeze,9,3,18,7,Bronze,2.0,125.636,1,4,1,13,9,0,2,2
3aae6269-db19-4a3a-b9a9-7180ff5e8d74,Ascent,11,3,18,7,Bronze,2.0,115.917,0,3,2,13,11,0,2,2
5a9293de-e4b0-48a7-b10e-9012c9a615cd,Split,9,7,12,8,Bronze,1.0,170.105,1,3,3,13,6,0,2,2
8d82536b-9bd4-4217-a092-5a9ec325e76e,Summit,10,2,17,3,Bronze,2.0,102.167,0,1,1,13,11,1,1,3
7470e63b-ecb5-4e15-a7d9-052df809caa1,Summit,4,3,15,1,Bronze,2.0,88.833,1,2,0,5,13,1,2,2
b97c383a-8ccf-4395-86ab-efad34d3e0c3,Sunset,12,3,21,10,Bronze,2.0,154.87,3,1,0,10,13,0,1,3
a6e9cd39-b35f-48ca-ab1b-217214e35fff,Haven,20,3,11,16,Bronze,2.0,285.158,4,2,1,13,6,1,1,3
41a478a6-7346-4c1f-9897-f1a83f13d211,Lotus,10,9,16,11,Bronze,2.0,209.053,2,4,0,6,13,0,1,3
7710da92-29e5-459d-b0c2-a3e7420cfe56,Summit,10,1,14,5,Bronze,2.0,136.842,0,2,0,6,13,0,1,3
75b21dd4-f8a0-4fe1-ae4d-87abf3e1cf09,Ascent,19,4,7,11,Bronze,2.0,261.0,0,0,1,13,5,0,1,3
ffd0b8fe-b98f-45ba-b93e-9425941d982c,Haven,8,17,12,5,Bronze,2.0,127.429,0,0,2,13,8,0,1,3
7e806abb-d45e-4afb-b12f-8b8e6579a4cb,Breeze,8,8,15,4,Bronze,2.0,154.688,2,2,0,3,13,0,0,4
bd1eb9b7-abfd-4af4-8dab-4ddf3dc54144,Split,16,10,19,10,Bronze,2.0,168.393,0,1,0,13,15,1,3,1
70e11171-de71-4fc9-a43a-bcbcd1201997,Summit,16,10,9,10,Bronze,2.0,241.105,2,2,1,13,6,0,0,4
de3108b4-fdc4-440f-860d-f0ed8e8688c1,Breeze,21,7,11,12,Bronze,2.0,306.765,0,2,2,13,4,0,0,4
60e80aa1-48a1-4f23-a06d-8bf92de3e41c,Breeze,16,1,14,7,Bronze,3.0,273.529,2,2,0,4,13,1,0,4
d4ba5b0c-7a8c-409f-b71b-55147ae94606,Ascent,19,3,16,11,Bronze,2.0,238.864,1,2,1,13,9,1,0,4
f58e1db9-6110-4048-a5f4-2295a78826bd,Sunset,9,7,18,7,Bronze,2.0,144.619,0,2,2,13,8,0,0,4
015ef8be-5da0-4c08-90a8-60ed587be724,Haven,16,5,18,7,Bronze,3.0,184.231,3,2,0,12,14,0,2,2
2c48d58f-18a2-407e-a164-1a0c8d16bdda,Haven,9,3,14,6,Bronze,3.0,140.158,0,2,0,6,11,1,1,3
ea990b81-b244-4872-acd7-8169ab3bda81,Split,8,6,10,4,Bronze,3.0,152.625,1,1,1,13,3,0,1,3
65a8b438-bd5e-4925-a681-f880c2147102,Summit,8,8,19,4,Bronze,3.0,130.143,0,0,0,8,13,0,0,4
8840ec6d-ebb2-45ee-a0a2-8dfba035db7d,Sunset,15,5,11,6,Bronze,3.0,216.9,1,1,1,13,7,1,0,4
fa0b8b41-2295-4887-a736-d75f5d5ca57e,Lotus,17,5,10,14,Bronze,3.0,259.895,1,3,2,13,6,0,0,4
510653df-bbda-4cda-9358-3e25ca04ae66,Lotus,12,4,10,8,Bronze,3.0,200.8,1,2,3,13,2,0,0,4
7d0cac92-af2c-41ca-9430-41be0ff3d9bf,Breeze,5,2,15,2,Bronze,3.0,97.438,0,1,0,3,13,0,0,4
63efebff-b290-4e77-b275-027a54d39e8f,Ascent,20,1,11,7,Bronze,3.0,296.5,2,1,1,13,5,1,0,4
84df8221-db6d-4361-ab10-f6c0c94ae322,Breeze,7,2,18,6,Bronze,3.0,105.0,1,3,0,6,13,0,1,3
57d8c8d6-0667-4978-aeb1-9df1005ad009,Split,23,10,11,16,Bronze,3.0,255.435,1,0,1,13,10,0,0,4
91c5960e-8c43-43cc-b8a3-d20c171e0547,Sunset,12,3,11,4,Bronze,3.0,167.056,0,3,2,13,5,1,0,4
bd3e65f1-ab35-406b-9aa0-d53b6b2a06df,Summit,12,8,20,4,Bronze,3.0,143.792,1,1,0,11,13,0,0,4
591e36ec-e3df-4fa8-9287-41a4e97abb43,Lotus,17,2,17,11,Bronze,3.0,172.042,1,3,1,13,11,0,0,4
374dbe12-a0ac-4f3a-9f48-01c29d0cd0da,Haven,14,2,12,8,Bronze,3.0,166.286,1,0,0,8,13,1,3,1
340f9016-f0a6-441c-840f-b99a2a64caaa,Breeze,7,7,16,8,Bronze,3.0,118.81,0,0,1,13,8,0,2,2
5b2baaae-8ac9-4f42-a359-63cc4da11d1e,Lotus,4,1,17,3,Bronze,3.0,75.222,1,6,0,5,13,0,1,3
24b8b10e-0e95-436b-b603-14f23cc81484,Sunset,12,7,14,3,Bronze,3.0,207.111,4,1,1,13,5,1,1,3
27b5aa16-6bcc-40be-a83c-545d85047d1b,Split,12,7,15,7,Bronze,3.0,194.45,3,3,0,7,13,1,1,3
203e44f5-9eff-4c0f-baa3-6f23e5618182,Breeze,9,2,13,7,Bronze,3.0,126.368,1,0,1,13,6,0,1,3
318294ce-005b-406f-8a35-b5dbd598ca78,Sunset,11,2,14,10,Bronze,3.0,167.389,1,3,0,5,13,0,2,2
861c6968-2a95-4d53-9063-8ffec8416686,Split,14,6,16,12,Bronze,3.0,212.522,2,4,1,13,10,1,2,2
ed8dc782-0bc4-4be9-b557-2fe9ca813888,Haven,20,4,11,5,Bronze,3.0,329.118,2,0,1,13,4,0,0,4
87327518-a82e-4c26-b6a7-9bc1c0b6db0d,Ascent,15,10,16,7,Bronze,3.0,191.042,2,1,0,11,13,0,0,4
9b4a5239-2917-422f-b788-f019501603b0,Split,14,8,18,10,Bronze,3.0,177.304,0,0,0,10,13,0,0,4
e6165c0b-a366-4911-9b64-6cefd0bfda39,Breeze,13,7,18,9,Bronze,3.0,182.091,1,2,0,9,13,0,1,3
04f907e4-c61b-463d-ac9a-df89f7987213,Split,11,4,15,5,Bronze,3.0,161.158,2,0,0,6,13,0,0,4
158da460-c2d8-452e-b393-58c76f9d0600,Haven,10,12,15,4,Bronze,3.0,154.632,2,3,1,13,6,0,0,4
1241c946-8f6f-42bf-87a7-6a130cf96217,Lotus,7,2,14,2,Bronze,3.0,161.467,1,0,0,2,13,1,0,4
bf0c83d4-661f-49ff-9ee7-3428f05e663b,Lotus,7,2,16,2,Bronze,2.0,80.913,0,1,0,10,13,0,0,4
c31fff4d-efd6-46f0-a74b-fc51c2f5da3a,Summit,8,5,18,6,Bronze,2.0,152.647,1,3,0,4,13,0,1,3
2eac2600-5226-48f6-9a8a-099344987626,Split,18,6,19,9,Bronze,2.0,182.571,1,2,0,13,15,0,4,0
797644ba-4189-492e-bdb2-191a110db0df,Haven,6,3,19,2,Bronze,2.0,84.75,0,1,0,7,13,0,4,0
33cf80da-d91c-410d-8f32-3795076300d6,Split,14,2,13,3,Bronze,2.0,154.545,1,2,0,9,13,1,1,3
2e2d4625-856a-40ca-8130-a1638aae73a9,Ascent,13,3,17,8,Bronze,2.0,163.682,0,6,0,9,13,0,1,3
b468ee0b-50ef-434b-b753-9ca908e14fa3,Ascent,16,6,17,11,Bronze,2.0,187.25,1,4,0,11,13,0,0,4
dbf7fab9-5c90-4d7c-bd77-103734ddea17,Sunset,16,2,15,5,Bronze,1.0,199.143,2,3,0,8,13,1,0,4
700b5c0c-f374-4ae9-afbf-8ba62ea963d7,Split,10,6,7,6,Bronze,1.0,154.263,1,0,1,13,6,0,0,4
983a4d04-41aa-4309-b221-03f0772ba1d3,Lotus,14,3,13,8,Bronze,1.0,172.864,2,0,2,13,9,1,0,4
e1fea874-6085-4198-9fa9-fa987f06e165,Breeze,13,3,12,9,Bronze,2.0,250.188,3,0,0,3,13,0,2,2
45312dad-96a8-4fe3-a402-9f1fe574a10c,Breeze,6,2,17,2,Bronze,2.0,115.111,1,0,0,5,13,0,2,2
dc95f3eb-3768-4630-8595-831d3c9a3c6e,Summit,9,0,6,4,Bronze,2.0,158.0,1,1,1,10,2,0,1,3
aeb26454-3434-4315-98e4-4153122fd56b,Haven,11,4,16,9,Bronze,2.0,153.762,1,2,2,13,8,0,1,3
a3ead6fe-ac27-4c65-a75d-4572a91da7ba,Sunset,14,8,14,9,Bronze,2.0,196.435,1,1,3,13,10,0,1,3
aeb45424-df15-4de2-9028-a19738e3e16f,Split,13,5,15,7,Bronze,2.0,171.087,1,1,1,13,10,1,1,3
25dc1725-affe-41a6-9622-ffa674bf43d2,Haven,11,14,16,4,Bronze,2.0,131.292,1,1,2,13,11,0,2,2
392bbf26-76ea-4452-ad12-520d4f17d8a3,Sunset,7,10,16,4,Bronze,3.0,112.684,0,1,0,6,13,0,2,2
739a0ea7-3170-49b7-923c-715ecdc9d03d,Ascent,23,4,16,15,Bronze,2.0,318.5,3,0,1,13,7,0,0,4
78709f81-4f90-45c3-921b-4aacf1fa6b2e,Split,19,11,18,7,Bronze,2.0,228.0,3,3,1,13,11,1,0,4
0767df60-de84-41d6-aed6-b087d5c3b0db,Summit,22,12,19,10,Bronze,3.0,243.692,6,3,0,12,14,0,0,4
dfd89347-c400-4970-acde-d6dc2aa3af25,Lotus,8,9,18,8,Bronze,3.0,113.227,2,0,0,9,13,0,2,2
30924b67-0c08-42fa-9973-49603b9d857d,Haven,7,4,20,4,Bronze,3.0,118.773,2,2,0,9,13,0,0,4
a9a3e6ca-41bb-4d62-9d37-73ac71aba3df,Sunset,12,3,8,5,Bronze,2.0,169.737,0,0,1,13,6,1,1,3
f31948f6-b2a0-424f-8bef-59d7c1d8128f,Haven,15,3,11,2,Bronze,2.0,201.85,3,1,2,13,7,0,0,4
dea43044-95c2-451f-9cc7-3bac4f87f992,Lotus,8,4,14,1,Bronze,2.0,162.267,1,2,0,2,13,0,2,2
0da10277-8503-4f2c-842b-8fc79d54cb8b,Breeze,12,3,10,4,Bronze,2.0,155.789,1,1,1,13,6,0,2,2
fd77fe88-f6dd-44b9-89ff-a7b4ba173175,Haven,6,9,15,4,Bronze,3.0,105.526,0,0,0,6,13,0,4,0
8d9581c0-3857-4ffc-a67c-0a35bc855ffd,Ascent,11,0,17,7,Bronze,3.0,145.875,2,1,0,11,13,1,4,0
f6ae2eb3-bef8-4d75-9b45-1872767669fc,Split,9,4,17,5,Bronze,3.0,98.75,0,1,0,11,13,1,4,0
1c685905-f25e-4b66-826b-21c1eef7fe72,Haven,8,5,14,1,Bronze,2.0,128.056,0,3,0,5,13,0,0,4
c9a074bb-bfa9-44a1-997e-c19cbe4a18c0,Split,23,8,18,14,Bronze,2.0,290.75,0,1,1,13,11,0,0,4
3cea622e-2823-4ece-86e8-dcabb09f9bdf,Summit,9,3,10,3,Bronze,2.0,132.944,2,1,2,13,5,0,0,4
3d5e8f70-0ad5-4daa-9aae-04fe2f869655,Lotus,17,5,13,10,Bronze,2.0,223.5,2,4,3,13,7,0,0,4
084ff020-a911-4a24-ae9e-e9a56611417a,Lotus,9,9,17,5,Bronze,3.0,133.304,0,1,0,10,13,0,1,3
10822dd0-38ed-4572-bcac-1c85e729d914,Sunset,9,3,16,5,Bronze,3.0,124.227,1,2,0,9,13,1,1,3
547a3a93-6442-414d-90c8-c860ef021893,Breeze,17,3,14,8,Bronze,3.0,199.652,2,3,1,13,10,0,1,3
d2a3d5a5-654e-4f84-9403-860991cb1a82,Lotus,23,3,10,8,Bronze,3.0,305.947,3,0,2,13,6,1,0,4
f762bea0-fdab-4015-9dd1-fa2bac3565b5,Summit,16,3,11,9,Bronze,3.0,213.65,1,1,3,13,7,1,0,4
422b0e46-aad6-45bd-ad9c-804567ca37fe,Split,8,4,15,6,Bronze,3.0,118.947,0,2,0,6,13,1,1,3
0070ad98-9a90-4bad-9ea2-30dc89828727,Split,17,10,20,11,Bronze,3.0,198.231,0,0,0,12,14,1,1,3
abac832a-90f2-496c-b5a1-7718f1d8afd3,Ascent,17,9,16,9,Bronze,3.0,199.522,0,0,1,13,10,1,1,3
0e877978-1c0b-417a-9160-759cb5c4d859,Ascent,8,6,12,4,Bronze,3.0,132.526,0,1,2,13,6,0,1,3
196ffd6d-03ce-4c72-8518-59e3825c6d79,Summit,11,1,14,7,Bronze,3.0,182.938,0,0,0,3,13,0,2,2
d9e5a019-a2ed-4429-b036-21e76ad01e13,Lotus,15,2,17,7,Bronze,3.0,190.905,1,3,0,8,13,1,2,2
615ee2cf-f498-44ff-b088-a3be3af7ce6e,Breeze,9,11,16,4,Bronze,3.0,123.458,1,0,1,13,11,0,2,2
8f0c009d-f82f-4fc7-b373-9fc61cebad90,Sunset,7,12,14,3,Bronze,3.0,117.391,0,0,2,13,10,0,1,3
456e78ff-646b-4acc-be28-0850310a076e,Abyss,7,5,14,3,Unrated,,122.714,0,0,0,8,13,0,4,0
b7da208d-cbe8-4c90-b785-fe1225c8e4e7,Split,7,4,14,3,Bronze,3.0,98.542,1,1,1,13,11,1,4,0
e6bfa3f2-70f6-4a34-8456-67f3471d9415,Sunset,14,3,13,8,Bronze,3.0,188.684,1,1,0,6,10,1,0,4
2800e64d-5ce9-4994-9d60-c4307befc1de,Summit,2,1,5,1,Bronze,3.0,56.429,1,2,0,1,4,0,0,4
2acb8f76-8872-4f21-ad02-eaf1ea2915c9,Lotus,5,1,14,2,Bronze,3.0,78.944,2,2,0,5,13,0,0,4
43feb730-6cd1-42a8-8c93-afb870a326f4,Ascent,2,0,5,3,Bronze,3.0,47.0,0,0,0,0,5,0,0,4
45f9d8e3-f318-48f1-af0d-9fd85793c6b1,Lotus,9,6,10,4,Bronze,3.0,165.438,2,0,1,13,3,0,0,4
0e4cfaca-e772-44cb-b949-b757dbafb365,Sunset,18,4,16,13,Bronze,3.0,234.227,0,1,0,9,13,0,0,4
d3542b4e-1987-4f35-aece-f8f756aa5922,Ascent,15,10,17,11,Bronze,2.0,184.792,0,1,0,11,13,0,0,4
429aa0fa-d503-46f7-bb1f-6d6ecdf33be0,Sunset,13,9,16,7,Bronze,2.0,200.81,0,0,0,8,13,1,0,4
e2d37204-dec6-48f9-b9f2-2424cde32cf4,Haven,17,3,16,7,Bronze,2.0,190.083,0,0,0,11,13,1,0,4
fb00ded1-2707-4b17-8fb9-537fbc674b76,Haven,10,6,14,11,Bronze,2.0,172.588,0,2,0,4,13,0,2,2
ce2bceb3-3cd3-47e9-9fc8-ccc59ce891b6,Split,8,6,8,5,Bronze,2.0,148.444,1,1,1,13,5,1,2,2
d1acdc6d-ef00-404e-a52a-11374812d9d1,Split,15,5,15,9,Bronze,2.0,174.25,0,0,1,13,11,0,2,2
06c83c80-4516-4c0b-884f-c9bef64e93ea,Summit,20,23,15,13,Bronze,2.0,272.13,2,2,1,13,10,1,2,2
f1b57d09-a6b4-47cf-b083-574165fe4b2d,Lotus,12,2,13,7,Bronze,2.0,168.381,2,1,1,13,8,0,4,0
999b5cab-e71d-484c-b8fb-fdf37c57c463,Ascent,7,3,14,6,Bronze,2.0,101.947,0,1,2,13,6,0,2,2
639ebada-cb8e-47ec-9f75-d2e2586e0e2a,Sunset,20,6,12,10,Bronze,3.0,295.588,2,0,1,13,4,0,0,4
2047a685-c269-446b-a19d-e07b3639382a,Summit,17,0,15,8,Bronze,3.0,248.789,3,4,0,6,13,0,0,4
5b73ad80-3f59-4480-b593-dc58f4c8bdf5,Abyss,13,3,12,4,Bronze,3.0,240.062,1,1,1,13,3,0,0,4
5a2d81ed-8c16-4c31-bd6e-1ee8be3d185b,Split,13,4,19,8,Bronze,3.0,168.708,4,5,0,11,13,1,0,4
43a8fe16-ebfa-474c-8127-a5ea4219f954,Haven,12,5,15,6,Bronze,3.0,202.688,0,0,0,3,13,1,0,4
c3516786-41d3-41af-941d-71ac25d5a9c9,Haven,18,4,12,10,Bronze,3.0,250.25,3,5,1,13,7,1,0,4
5483dc74-f253-4b5e-9d0a-f6336a710be8,Lotus,12,4,16,9,Bronze,3.0,181.455,1,6,0,9,13,0,0,4
fda97fa5-8aef-4794-8339-64f75ff2a893,Summit,24,7,10,17,Bronze,3.0,335.95,5,0,1,13,7,1,0,4
f4abbf55-fc1e-4ded-932f-d2c5eabd7569,Sunset,17,6,9,10,Bronze,3.0,301.125,1,0,2,13,3,0,0,4
e5a1b993-de95-4859-a7b7-08183081ce59,Abyss,3,6,16,1,Silver,1.0,91.056,0,0,0,5,13,0,0,4
de554bf0-308b-4e15-bf63-3e196fecb20e,Ascent,11,6,13,3,Silver,1.0,151.15,0,2,1,13,7,0,0,4
34761828-4526-4bce-8994-06990a6becd7,Sunset,14,9,19,6,Silver,1.0,169.542,2,1,2,13,11,0,0,4
da52cbdf-31ef-4c17-9269-3bc80a80bef2,Summit,15,4,10,5,Bronze,3.0,228.588,1,2,3,13,4,1,0,4
7b24b4d8-0017-4a60-a0bb-432ed890ab1c,Sunset,2,1,0,1,Silver,1.0,35.615,0,0,1,4,0,0,0,4
6feafbf3-624b-4460-a0c5-16d397bfc5a8,Split,13,7,16,13,Silver,1.0,198.524,5,4,0,8,13,0,0,4
8686d07c-5144-4a94-820a-d16f2c779b9d,Split,9,11,15,5,Silver,1.0,124.792,0,0,0,11,13,1,0,4
59879211-e872-4a41-999e-f0c19c403dc5,Ascent,13,5,16,8,Silver,1.0,167.0,0,0,0,8,13,0,1,3
19c784a4-45ca-43bf-b2a1-587bba776420,Ascent,26,5,17,16,Silver,1.0,265.769,1,0,0,12,14,0,0,4
c2afbe40-45be-4ca1-9f1d-974cf91998dc,Lotus,14,11,19,6,Silver,1.0,169.042,0,3,0,12,12,1,0,4
