id_partida,jugador,mapa,modo,personaje,rol,kills,asistencias,muertes,headshots,compañeros,rango,subrango,composición,acs,fb,fd,racha,rondas_ganadas,rondas_perdidas,fecha,fecha_legible
95bdacc1-47e8-405a-9bd1-1d1d62f16035,ZG y4mi,Haven,Competitive,Jett,Duelista,15,4,15,8,"['egoist', 'ELADIO CARRION', 'mrkos', 'Kirtach09']",Bronze,1.0,"['Neon', 'Chamber', 'Omen', 'Skye', 'Jett']",170.333,4,0,0,11,13,1782795198,"Tuesday, June 30, 2026 04:53 AM"
72974e1c-a383-4dac-a63f-5e7d4b1d4b02,ZG y4mi,Split,Competitive,Jett,Duelista,4,1,15,5,"['Teomaquina', 'Ladrones', 'GeorgeOwO', 'egoist']",Bronze,1.0,"['Brimstone', 'Miks', 'Gekko', 'Jett', 'Neon']",75.632,0,2,0,6,13,1782770794,"Monday, June 29, 2026 10:06 PM"
26dfbf07-2e88-4060-b8f7-d6dc6bdf2a80,ZG y4mi,Ascent,Competitive,Jett,Duelista,17,3,10,8,"['POYLA', 'egoist', 'mediapila', 'for him']",Bronze,1.0,"['Deadlock', 'Neon', 'KAY/O', 'Clove', 'Jett']",237.765,2,1,1,13,4,1782768717,"Monday, June 29, 2026 09:31 PM"
0c62a57e-5595-42c6-a755-ba2eca48162a,ZG y4mi,Haven,Competitive,Jett,Duelista,18,4,15,10,"['PanchiTurro', 'Cryboy', 'PERLOO', 'egoist']",Bronze,1.0,"['Cypher', 'Gekko', 'Omen', 'Jett', 'Neon']",206.542,3,1,2,13,11,1782696787,"Monday, June 29, 2026 01:33 AM"
08b6c4d0-7531-4ec0-a0a0-a4cd2148cd9e,ZG y4mi,Summit,Competitive,Clove,Controlador,11,4,15,7,"['egoist', 'NachoL10', 'javi93', 'den3445']",Bronze,1.0,"['Clove', 'Neon', 'Raze', 'Sage', 'Sova']",192.105,2,0,0,6,13,1782846292,"Tuesday, June 30, 2026 07:04 PM"
f48e0023-b884-46ab-a642-a31a413a921f,ZG y4mi,Summit,Competitive,Jett,Duelista,10,4,15,5,"['Yorihane', 'egoist', 'BerenjenitaHot', 'SrRubens']",Bronze,1.0,"['Clove', 'Neon', 'Jett', 'Killjoy', 'Tejo']",127.0,1,1,0,8,13,1782843800,"Tuesday, June 30, 2026 06:23 PM"
c61ac094-c478-491f-a64b-3c8de20930a1,ZG y4mi,Haven,Competitive,Jett,Duelista,21,6,14,10,"['bluestrella3', 'egoist', 'panchumanin', 'Warrior']",Bronze,1.0,"['Skye', 'Jett', 'Neon', 'Chamber', 'Clove']",232.958,2,0,1,13,11,1782871618,"Wednesday, July 01, 2026 02:06 AM"
ded15123-6385-4c41-a2d9-9e5c643b2801,ZG y4mi,Sunset,Competitive,Omen,Controlador,11,6,17,7,"['Bananacanaria', 'egoist', 'Barquillodepapel', 'ANGELOOO']",Bronze,1.0,"['Raze', 'Omen', 'Chamber', 'Skye', 'Reyna']",122.958,2,0,0,11,13,1782957840,"Thursday, July 02, 2026 02:04 AM"
02117eb9-5ccb-4a3a-aa0b-7bde9bb6a8c3,ZG y4mi,Lotus,Competitive,Jett,Duelista,14,1,13,10,"['monocalacin', 'urpi', 'egoist', 'Jowyyy']",Bronze,1.0,"['Chamber', 'Skye', 'Jett', 'Neon', 'Sova']",195.526,1,2,0,6,13,1782954931,"Thursday, July 02, 2026 01:15 AM"
797cd19e-b3f4-46da-8170-6af5dad9fa70,ZG y4mi,Sunset,Competitive,Jett,Duelista,16,4,12,5,"['egoist', 'ISMIXWEL', 'CeraVe', 'Maxlahore121']",Bronze,1.0,"['Neon', 'Cypher', 'Jett', 'Sage', 'Clove']",195.3,3,3,1,13,7,1783031417,"Thursday, July 02, 2026 10:30 PM"
5efcffc3-9e30-4e00-b0a9-3e02d4df0f5c,ZG y4mi,Split,Competitive,Waylay,Duelista,14,4,13,9,"['boopatadita', 'egoist', 'Torradeira', 'Alea']",Bronze,1.0,"['Sage', 'Neon', 'Veto', 'Waylay', 'Astra']",223.944,1,0,2,13,5,1783029136,"Thursday, July 02, 2026 09:52 PM"
7e3052b6-b6dd-424d-807c-026e3cf17c5c,ZG y4mi,Haven,Competitive,Jett,Duelista,16,4,16,12,"['бензин', 'wacamole67', 'PrEpuci0Sa1Tarín', 'egoist']",Bronze,1.0,"['Clove', 'Gekko', 'Viper', 'Jett', 'Neon']",197.957,0,1,0,10,13,1783019269,"Thursday, July 02, 2026 07:07 PM"
9cd49189-5d14-4756-bdf7-ce7d78c4c692,ZG y4mi,Ascent,Competitive,Miks,Controlador,18,14,14,6,"['LIXO', 'unai', 'FOZKITOZ', 'egoist']",Bronze,1.0,"['Jett', 'Chamber', 'Fade', 'Neon', 'Miks']",255.048,0,1,0,8,13,1783016903,"Thursday, July 02, 2026 06:28 PM"
5d03e75a-924b-42f3-b5e2-9ddc09475dc0,ZG y4mi,Ascent,Competitive,Yoru,Duelista,5,0,7,2,"['egoist', 'MrGrumos', 'RubenCastro', 'Degues']",Bronze,1.0,"['Neon', 'Fade', 'Omen', 'Cypher', 'Yoru']",64.267,0,1,1,10,2,1783090816,"Friday, July 03, 2026 03:00 PM"
13244431-c70b-4a87-a1a7-51a0a640847c,ZG y4mi,Ascent,Competitive,Jett,Duelista,16,1,20,9,"['SpuFIx', 'GingerGoddes4', 'egoist', 'Feenix']",Bronze,1.0,"['Skye', 'Sage', 'Jett', 'Neon', 'Omen']",200.652,1,2,0,10,13,1783088312,"Friday, July 03, 2026 02:18 PM"
b4a0e3d8-1a94-4fc8-8c19-fb627718de22,ZG y4mi,Lotus,Competitive,Jett,Duelista,7,5,18,5,"['HONORABLE', 'P14T4', 'Cocreta de jamón', 'K4GE']",Bronze,1.0,"['Chamber', 'Sova', 'Clove', 'Jett', 'Neon']",107.955,1,2,0,9,13,1783116774,"Friday, July 03, 2026 10:12 PM"
24c00abb-0846-48b0-8805-b7e41888ffd7,ZG y4mi,Split,Competitive,Phoenix,Duelista,11,5,17,2,"['0661', 'K4GE', 'Joanruler5', 'Yoruichi']",Bronze,1.0,"['Omen', 'Neon', 'Sage', 'Phoenix', 'Deadlock']",164.591,0,2,0,9,13,1783114231,"Friday, July 03, 2026 09:30 PM"
96ac2eec-7797-4dd5-b01f-02b92abd2407,ZG y4mi,Breeze,Competitive,Jett,Duelista,33,2,14,18,"['Dex', 'ROBIO444', 'oussama HM', 'vicferad7']",Bronze,1.0,"['Miks', 'Skye', 'Chamber', 'Jett', 'Fade']",381.13,3,1,0,10,13,1783127185,"Saturday, July 04, 2026 01:06 AM"
5304c92c-c793-4b6d-a541-e976efc3d7e0,ZG y4mi,Haven,Competitive,Jett,Duelista,14,2,17,6,"['AdrianLB11', 'K4GE', 'Brito Packetloss', 'an1ass']",Bronze,1.0,"['Vyse', 'Jett', 'Neon', 'Sova', 'Clove']",171.522,1,2,0,10,13,1783180604,"Saturday, July 04, 2026 03:56 PM"
3b6737ed-ee63-4e23-b4c5-1dedefed1974,ZG y4mi,Breeze,Competitive,Jett,Duelista,20,3,6,13,"['VODKAX0X0', 'miriam baiter', 'K4GE', 'Mourakkk']",Iron,3.0,"['Omen', 'Chamber', 'Neon', 'Fade', 'Jett']",365.267,0,0,1,13,2,1783178502,"Saturday, July 04, 2026 03:21 PM"
0d1e4fd1-c8cc-4d69-8e69-565524ec6691,ZG y4mi,Haven,Competitive,Jett,Duelista,24,1,16,12,"['PabloHache', 'juan', 'Kora Ackerman', 'K4GE']",Bronze,1.0,"['Sage', 'Jett', 'Clove', 'Chamber', 'Neon']",214.923,1,2,1,14,12,1783204151,"Saturday, July 04, 2026 10:29 PM"
8ebf7d74-50e1-4cd7-a526-f9002015c3bb,ZG y4mi,Ascent,Competitive,Yoru,Duelista,13,2,13,7,"['nofee', 'K4GE', 'osorambo', 'Demos シ']",Bronze,1.0,"['Jett', 'Yoru', 'Cypher', 'Skye', 'Clove']",169.35,1,0,0,7,13,1783202099,"Saturday, July 04, 2026 09:54 PM"
34708ce9-363a-4d6b-9733-8dd2256940a6,ZG y4mi,Ascent,Competitive,Skye,Iniciador,10,6,16,4,"['LEVI', 'BLOODZERØ', 'Toxamber', 'K4GE']",Bronze,1.0,"['Skye', 'Jett', 'Reyna', 'Astra', 'Cypher']",145.2,0,2,0,7,13,1783213868,"Sunday, July 05, 2026 01:11 AM"
f01eebb8-f30a-44a9-b2ab-98211ec18d3a,ZG y4mi,Split,Competitive,Jett,Duelista,12,2,12,6,"['vasofaifo', 'wyd', 'K4GE', 'Proudz']",Bronze,1.0,"['Miks', 'Fade', 'Jett', 'Neon', 'Cypher']",154.8,1,0,1,13,7,1783261582,"Sunday, July 05, 2026 02:26 PM"
92f43e96-9edd-4069-8c6f-61ea4ec6809a,ZG y4mi,Breeze,Competitive,Neon,Duelista,20,7,18,10,"['minion canario ツ', 'el canario 真正的朋友', 'Andaluzaツ', 'Barbacoaツ']",Bronze,1.0,"['Neon', 'Chamber', 'Gekko', 'Cypher', 'KAY/O']",297.182,2,4,0,9,13,1783360814,"Monday, July 06, 2026 06:00 PM"
57165c95-3fcc-496f-9bda-9e1eababd8d3,ZG y4mi,Ascent,Competitive,Jett,Duelista,10,3,13,7,"['ElTost3', 'sardiniilla', 'K4GE', 'SergioMarkus']",Bronze,1.0,"['Jett', 'Chamber', 'Gekko', 'Neon', 'Clove']",161.389,1,2,0,5,13,1783446321,"Tuesday, July 07, 2026 05:45 PM"
958094d3-2c74-412e-b4b2-ebb193b3d3ba,ZG y4mi,Sunset,Competitive,Jett,Duelista,28,6,15,15,"['Angelasgg', 'Asta', 'K4GE', 'EscortDeLujo']",Bronze,1.0,"['Sage', 'Omen', 'Neon', 'Fade', 'Jett']",308.739,3,0,0,10,13,1783443643,"Tuesday, July 07, 2026 05:00 PM"
f7a43439-a8f9-43b0-b434-9c4203bdfd88,ZG y4mi,Bind,Swiftplay,Jett,Duelista,4,3,8,2,"['K4GE', 'yoranyom', 'RONNIE', 'VAGABOND']",Unrated,,"['Jett', 'Reyna', 'KAY/O', 'Deadlock', 'Waylay']",146.111,2,1,0,4,5,1783452523,"Tuesday, July 07, 2026 07:28 PM"
6be066a6-9003-4db1-a1f6-7a1f87dd72d1,ZG y4mi,Summit,Competitive,Killjoy,Centinela,9,4,8,6,"['maurovicenti', 'LozA 27', 'K4GE', 'gabiscolfrote']",Bronze,1.0,"['Phoenix', 'Omen', 'Killjoy', 'Cypher', 'KAY/O']",146.722,0,1,1,10,5,1783450779,"Tuesday, July 07, 2026 06:59 PM"
25e77ae2-2c6f-4404-b2be-51e558000707,ZG y4mi,Lotus,Competitive,Jett,Duelista,24,2,11,16,"['K4GE', 'Alonsito923', 'freskho', 'xiixii']",Bronze,1.0,"['Clove', 'Phoenix', 'Jett', 'Gekko', 'Chamber']",283.273,1,0,2,13,9,1783448340,"Tuesday, July 07, 2026 06:19 PM"
8261b2b0-dc68-4f2b-839c-7fac3b664694,ZG y4mi,Sunset,Competitive,Jett,Duelista,15,1,12,5,"['K4GE', 'abdlstreet', 'Laura vuelve', 'GT youssef']",Bronze,1.0,"['Neon', 'Jett', 'Fade', 'Clove', 'Chamber']",199.65,1,0,1,13,7,1783529726,"Wednesday, July 08, 2026 04:55 PM"
088b809b-d1d9-451c-8586-37306ded3fdd,ZG y4mi,Ascent,Competitive,Jett,Duelista,15,3,16,12,"['Bananpro07', 'K4GE', 'sergiofire1', 'IlloJuanJo']",Bronze,1.0,"['Clove', 'Neon', 'Gekko', 'Jett', 'Chamber']",173.583,1,2,2,13,11,1783527156,"Wednesday, July 08, 2026 04:12 PM"
fb4c7cbc-a55c-497e-999b-9bfa8a09e42f,ZG y4mi,Split,Competitive,Jett,Duelista,11,2,18,9,"['K4GE', 'CaudilloTheESP', 'BatataFrita', 'ArmandoPistachio']",Bronze,2.0,"['Jett', 'Neon', 'KAY/O', 'Cypher', 'Omen']",158.227,1,1,0,9,13,1783615825,"Thursday, July 09, 2026 04:50 PM"
4437fa07-c799-4e4c-b1f2-a6a9a44f4403,ZG y4mi,Split,Competitive,Jett,Duelista,28,3,13,11,"['K4GE', 'PadrinoSmurf', 'Swifts', 'Miiaarii']",Bronze,2.0,"['Jett', 'Neon', 'Cypher', 'Clove', 'Fade']",319.708,1,0,1,13,11,1783613124,"Thursday, July 09, 2026 04:05 PM"
3f9beaac-90b3-42b2-927b-f5e45796231d,ZG y4mi,Sunset,Competitive,Jett,Duelista,12,1,9,9,"['K4GE', 'idaaa', 'ImTheNight', 'BigBlask']",Bronze,2.0,"['Jett', 'Neon', 'Clove', 'Chamber', 'KAY/O']",173.176,0,1,2,11,4,1783611400,"Thursday, July 09, 2026 03:36 PM"
8d5970e8-afc6-447d-a6ec-439179d654ab,ZG y4mi,Breeze,Competitive,Jett,Duelista,19,4,19,10,"['K4GE', 'popeye あ', 'Lotu', 'SpuFIx']",Bronze,2.0,"['Jett', 'Neon', 'Clove', 'Killjoy', 'Skye']",233.174,0,0,0,10,13,1783608942,"Thursday, July 09, 2026 02:55 PM"
1ae5cd39-de21-47a4-8668-b33614c838b6,ZG y4mi,Lotus,Competitive,Jett,Duelista,13,3,13,7,"['K4GE', 'mmarkkito', 'pink717', '索拉多']",Bronze,2.0,"['Jett', 'Reyna', 'Breach', 'Brimstone', 'Chamber']",158.476,0,0,1,13,8,1783703183,"Friday, July 10, 2026 05:06 PM"
6e031c13-0175-444b-8da5-584480b47089,ZG y4mi,Breeze,Competitive,Jett,Duelista,25,1,10,19,"['Era', 'K4GE', 'Railler33', 'josecrakking']",Bronze,2.0,"['Iso', 'Jett', 'Sova', 'Omen', 'Chamber']",342.611,1,0,2,13,5,1783700962,"Friday, July 10, 2026 04:29 PM"
9a743a0a-087f-416b-ac24-5daf82cf7fe0,ZG y4mi,Breeze,Competitive,Viper,Controlador,8,1,16,7,"['ElRizersX', 'SrtaRomera', 'K4GE', 'EndiPetu']",Bronze,2.0,"['Phoenix', 'Viper', 'Chamber', 'Sova', 'Raze']",152.789,0,1,0,6,13,1783698475,"Friday, July 10, 2026 03:47 PM"
18ec8889-c5d8-4ba5-8570-05876e63bbef,ZG y4mi,Lotus,Competitive,Jett,Duelista,17,2,11,6,"['cnavarro23', 'arrazas', 'Hacienda Publica', 'K4GE']",Bronze,2.0,"['Chamber', 'Clove', 'Omen', 'Jett', 'Neon']",222.105,0,1,1,13,6,1783696413,"Friday, July 10, 2026 03:13 PM"
485f4202-fe1f-4cb0-bb33-c64329cd8e03,ZG y4mi,Haven,Competitive,Jett,Duelista,22,2,11,12,"['Ricardito', 'SneakyBrim', 'K4GE', 'klets']",Bronze,2.0,"['Jett', 'Chamber', 'Brimstone', 'Skye', 'Raze']",282.45,0,0,2,13,7,1783694173,"Friday, July 10, 2026 02:36 PM"
6e2771aa-006c-4e96-97f2-6f92f7dbb715,ZG y4mi,Ascent,Competitive,Brimstone,Controlador,0,0,5,0,"['Rxfx8', 'K4GE', 'GitanoCarterista', 'VolkswagenTouran']",Bronze,3.0,"['Sova', 'Brimstone', 'Jett', 'Reyna', 'Vyse']",3.0,0,0,0,0,5,1783787484,"Saturday, July 11, 2026 04:31 PM"
e2cedcd2-f5f3-44b0-85e9-c7f7914cb0fa,ZG y4mi,Split,Competitive,Jett,Duelista,11,3,18,7,"['LaHappyHippo', 'K4GE', 'patocua', 'Chapata17']",Bronze,3.0,"['Clove', 'Jett', 'Neon', 'Sage', 'Skye']",158.864,0,1,0,9,13,1783784416,"Saturday, July 11, 2026 03:40 PM"
66308632-6608-42cd-b872-139d8076a595,ZG y4mi,Lotus,Competitive,Jett,Duelista,16,5,15,10,"['wwweintracht', 'Cryboy', 'Atropa', 'K4GE']",Bronze,2.0,"['Jett', 'Skye', 'Miks', 'Sage', 'Neon']",211.304,0,0,0,10,13,1783811446,"Saturday, July 11, 2026 11:10 PM"
7dba0f6c-90c5-4741-9ec1-d82455c89bd9,ZG y4mi,Ascent,Swiftplay,Phoenix,Duelista,3,4,5,2,"['K4GE', 'Kuma', 'totsamiy', 'purgatory']",Unrated,,"['Neon', 'Chamber', 'Jett', 'Phoenix', 'Reyna']",137.75,0,0,1,5,3,1783802318,"Saturday, July 11, 2026 08:38 PM"
ed503ed8-f721-4664-be01-5bd746f557da,ZG y4mi,Breeze,Competitive,Jett,Duelista,9,4,13,3,"['MNKbarchar09', 'K4GE', 'Aguado', 'ergotxaa']",Bronze,2.0,"['Skye', 'Neon', 'Jett', 'Veto', 'Clove']",168.647,2,0,0,4,13,1783800367,"Saturday, July 11, 2026 08:06 PM"
d5638b0c-ee30-47bb-94b8-eb2885b40fd4,ZG y4mi,Summit,Competitive,Jett,Duelista,16,3,15,8,"['K4GE', 'andrescb19', 'messi', 'SrtaValentina']",Bronze,2.0,"['Jett', 'Astra', 'Sage', 'Sova', 'Reyna']",187.227,1,0,0,9,13,1783795261,"Saturday, July 11, 2026 06:41 PM"
e9f2e26a-5252-4a00-a9a6-62a9c6947cbf,ZG y4mi,Ascent,Competitive,Jett,Duelista,5,3,16,3,"['boopatadita', 'Strix', 'K4GE', 'Cryboy']",Bronze,2.0,"['Brimstone', 'Fade', 'Neon', 'Jett', 'Killjoy']",93.444,1,4,0,5,13,1783873416,"Sunday, July 12, 2026 04:23 PM"
05db0b55-4882-497d-b881-1e85f2b0da8f,ZG y4mi,Summit,Competitive,Jett,Duelista,19,0,13,9,"['D0ggy Style', 'Cryboy', 'K4GE', 'RYSgamer28']",Bronze,2.0,"['Breach', 'Killjoy', 'Astra', 'Jett', 'Reyna']",186.042,1,0,1,13,11,1783870668,"Sunday, July 12, 2026 03:37 PM"
4f9603de-8160-4a60-8b32-a5ba8097b5b0,ZG y4mi,Ascent,Competitive,Yoru,Duelista,11,3,13,6,"['ADZ EN YAMAHA', 'Cryboy', 'K4GE', 'Marcuslevel77']",Bronze,2.0,"['Omen', 'Tejo', 'Neon', 'Chamber', 'Yoru']",123.043,0,0,0,10,13,1783868165,"Sunday, July 12, 2026 02:56 PM"
ba6a6c39-9ab2-491d-af98-adcafb08338b,ZG y4mi,Lotus,Competitive,Omen,Controlador,17,5,15,6,"['ragdoll', 'K4GE', 'Cryboy', 'GalarKun']",Bronze,2.0,"['Astra', 'Omen', 'Chamber', 'Waylay', 'Iso']",253.053,0,1,0,6,13,1783897862,"Sunday, July 12, 2026 11:11 PM"
e0f861c9-76ed-4047-9c64-986229fc3e5b,ZG y4mi,Ascent,Competitive,Tejo,Iniciador,29,5,10,12,"['K4GE', 'Cryboy', 'GreenTomato', 'Capibaraaaaaaaaa']",Bronze,2.0,"['Jett', 'Phoenix', 'Sage', 'Tejo', 'Miks']",347.524,1,2,1,13,8,1783895656,"Sunday, July 12, 2026 10:34 PM"
aea56548-9130-4e71-b9df-c1488b42ed76,ZG y4mi,Haven,Competitive,Jett,Duelista,11,6,13,6,"['PDG du Jardiland', 'cryboyoffff', '667  Loups', 'K4GE']",Bronze,2.0,"['Omen', 'Jett', 'Breach', 'Sage', 'Neon']",205.556,1,2,0,5,13,1783955320,"Monday, July 13, 2026 03:08 PM"
573da7e9-5c14-4bae-9acb-49f9e825d996,ZG y4mi,Summit,Competitive,Jett,Duelista,22,4,18,18,"['DindonAgressif', 'Torradeira', 'K4GE', 'cryboyoffff']",Bronze,2.0,"['Skye', 'Omen', 'Jett', 'Neon', 'Vyse']",222.964,2,1,1,15,13,1783952255,"Monday, July 13, 2026 02:17 PM"
1ee38f2d-96d3-4f6c-9089-80887f600ca7,ZG y4mi,Lotus,Competitive,Tejo,Iniciador,10,6,16,6,"['iva345n', 'K4GE', 'TTJaayzsetup', 'diabloyimi03']",Bronze,2.0,"['Clove', 'Tejo', 'Neon', 'Reyna', 'Chamber']",131.958,0,1,0,11,13,1783988439,"Tuesday, July 14, 2026 12:20 AM"
9e2ba64f-9096-4ef3-93ce-be1297b34d9f,ZG y4mi,Split,Competitive,Chamber,Centinela,12,2,12,1,"['Pitpilinha13', 'K4GE', 'YoDa', 'Y4ng0']",Bronze,2.0,"['Jett', 'Chamber', 'Neon', 'Fade', 'Clove']",148.826,1,2,1,13,10,1783985870,"Monday, July 13, 2026 11:37 PM"
07f6acbb-995e-4034-b6a3-56f545fd8d97,ZG y4mi,Summit,Competitive,Jett,Duelista,6,1,15,2,"['Ramideep', 'K4GE', 'Mohssine', 'Dimycros']",Bronze,2.0,"['Jett', 'Clove', 'Cypher', 'Phoenix', 'Tejo']",105.667,1,0,0,5,13,1784041568,"Tuesday, July 14, 2026 03:06 PM"
d557ca92-22fa-4eca-a6bf-b6bba746fbb3,ZG y4mi,Breeze,Competitive,Chamber,Centinela,7,5,11,3,"['K4GE', 'cyyborrg', 'G4NGO', 'lyraきり']",Bronze,2.0,"['Chamber', 'Sova', 'Miks', 'Jett', 'Viper']",125.789,1,0,1,13,6,1784039056,"Tuesday, July 14, 2026 02:24 PM"
0c80ab0a-0c30-4306-927e-35ad46e669d5,ZG y4mi,Sunset,Competitive,Jett,Duelista,19,4,11,9,"['morxx', 'huguillo69', 'NachosConQuesoVG', 'K4GE']",Bronze,2.0,"['Chamber', 'Tejo', 'Miks', 'Jett', 'Neon']",220.565,0,1,2,13,10,1784036671,"Tuesday, July 14, 2026 01:44 PM"
00824977-60d0-4371-b2c4-48c96071329d,ZG y4mi,Sunset,Competitive,Jett,Duelista,17,4,8,13,"['K4GE', 'elmaschungo', 'Naii', 'b1gyahul0v3r']",Bronze,2.0,"['Jett', 'Neon', 'Sage', 'Omen', 'Gekko']",315.125,1,1,1,13,3,1784069677,"Tuesday, July 14, 2026 10:54 PM"
75f7bd99-f5d4-4db8-a864-f03a1170c630,ZG y4mi,Split,Competitive,Jett,Duelista,15,5,18,8,"['K4GE', 'pilamurcha', 'folelé', 'tafito05']",Bronze,2.0,"['Neon', 'Omen', 'Gekko', 'Killjoy', 'Jett']",169.962,1,3,2,14,12,1784066679,"Tuesday, July 14, 2026 10:04 PM"
21c7b64a-d736-48f9-a87f-2ddfa308d09d,ZG y4mi,Summit,Competitive,Jett,Duelista,16,3,12,7,"['K4GE', 'Hinata2072', 'lbrto', 'DV10']",Bronze,2.0,"['Neon', 'Omen', 'Fade', 'Jett', 'Cypher']",205.304,4,1,1,13,10,1784071654,"Tuesday, July 14, 2026 11:27 PM"
f316c76d-7c27-4e89-b47f-e0797a2cd51a,ZG y4mi,Breeze,Competitive,Jett,Duelista,9,5,7,4,"['K4GE', 'Mochiiidepiñaa', 'Mochiiidemojitoo', 'EL NOVA']",Bronze,2.0,"['Jett', 'Sova', 'Omen', 'Sage', 'Iso']",174.706,0,0,1,13,4,1784133885,"Wednesday, July 15, 2026 04:44 PM"
226e96be-0867-47bd-9cb3-e97baf3bd84e,ZG y4mi,Ascent,Competitive,Jett,Duelista,8,4,9,3,"['quimr0scas', 'rafa', 'K4GE', 'Kelsydra']",Bronze,2.0,"['Sova', 'Omen', 'Neon', 'Jett', 'Sage']",136.765,0,0,0,4,9,1784132133,"Wednesday, July 15, 2026 04:15 PM"
b4d1c2a0-4dc0-4e98-9442-ccf390036cb2,ZG y4mi,Split,Competitive,Jett,Duelista,10,1,10,5,"['nena11v', 'K4GE', 'Kage', 'DarkFlame']",Bronze,3.0,"['Jett', 'Killjoy', 'Neon', 'Clove', 'Skye']",181.312,0,0,0,3,10,1784157407,"Wednesday, July 15, 2026 11:16 PM"
4a151af2-83f2-4f7e-9c83-5503f5b61e6c,ZG y4mi,Lotus,Competitive,Jett,Duelista,22,4,15,10,"['varcelona', 'Kage', 'gonnajian', 'K4GE']",Bronze,2.0,"['Sova', 'Jett', 'Reyna', 'Sage', 'Omen']",223.652,1,0,1,13,10,1784154631,"Wednesday, July 15, 2026 10:30 PM"
4b7920e3-5380-4ef4-b174-348dd10be693,ZG y4mi,Sunset,Competitive,Jett,Duelista,18,5,12,5,"['Leocs', 'no1kiiing', 'Reviilla8', 'K4GE']",Bronze,2.0,"['Cypher', 'Jett', 'Harbor', 'Breach', 'Neon']",211.087,1,0,2,13,10,1784135676,"Wednesday, July 15, 2026 05:14 PM"
484efd44-1c79-47eb-992c-834d7333f606,ZG y4mi,Sunset,Competitive,Jett,Duelista,14,2,15,6,"['Bocata Bacøn', 'Ares', 'xDanixd27', 'K4GE']",Bronze,3.0,"['Viper', 'Chamber', 'KAY/O', 'Jett', 'Neon']",202.421,0,0,0,6,13,1784217603,"Thursday, July 16, 2026 04:00 PM"
6210b480-5e2d-4f7b-b97a-18102916a6c7,ZG y4mi,Summit,Competitive,Tejo,Iniciador,24,7,14,8,"['PumpKing', 'IZI', 'khadouja', 'K4GE']",Bronze,3.0,"['Tejo', 'Cypher', 'Phoenix', 'Clove', 'Reyna']",249.5,0,1,1,14,12,1784243035,"Thursday, July 16, 2026 11:03 PM"
2fae9bc3-16bb-46f6-83eb-cff1c27bfaa3,ZG y4mi,Split,Competitive,Tejo,Iniciador,20,5,11,7,"['TheD4rknesSec', 'tendirmanOFC', 'K4GE', 'DJPATRON']",Bronze,2.0,"['Jett', 'Omen', 'Chamber', 'Raze', 'Tejo']",252.286,0,0,2,13,8,1784240409,"Thursday, July 16, 2026 10:20 PM"
af0328b4-1876-45b0-95c8-d15e0adcf8e3,ZG y4mi,Split,Competitive,Tejo,Iniciador,24,2,11,8,"['nekoko', 'zakasit0', 'K4GE', 'Neko9']",Bronze,3.0,"['Tejo', 'Brimstone', 'Jett', 'Chamber', 'Iso']",243.792,0,1,0,11,13,1784300966,"Friday, July 17, 2026 03:09 PM"
57db0736-b11a-493f-b094-a8402e1b3d5b,ZG y4mi,Ascent,Competitive,Phoenix,Duelista,20,3,10,7,"['Garagardoak', 'K4GE', 'BocadilloDeZorza', 'Twitch adridemo']",Bronze,3.0,"['Raze', 'Phoenix', 'Omen', 'Killjoy', 'Sage']",224.524,0,0,1,13,8,1784298885,"Friday, July 17, 2026 02:34 PM"
2a5c72b7-cb19-4fea-a42a-be5cad121ebb,ZG y4mi,Ascent,Competitive,Jett,Duelista,17,3,13,5,"['YΛC0', 'K4GE', 'Mosi9A', 'el tut1']",Bronze,3.0,"['Jett', 'Sage', 'Phoenix', 'Astra', 'Chamber']",202.864,0,0,2,13,9,1784296268,"Friday, July 17, 2026 01:51 PM"
5ea860d7-9e65-4b9e-bb8f-186ed49694f6,ZG y4mi,Sunset,Competitive,Tejo,Iniciador,8,6,16,4,"['chrobryEUW', 'K4GE', 'ZaHaloWDupeValo', 'misuzdzisu']",Bronze,3.0,"['Tejo', 'Sage', 'Neon', 'Miks', 'Phoenix']",119.682,0,0,0,9,13,1784387062,"Saturday, July 18, 2026 03:04 PM"
3afa05ef-d638-4ee3-9c35-3f661271163a,ZG y4mi,Breeze,Competitive,Chamber,Centinela,12,6,14,5,"['Zkiko', 'K4GE', 'DemandSoria', 'FreedomWings']",Bronze,3.0,"['Chamber', 'Reyna', 'Sova', 'Omen', 'Jett']",148.435,1,0,1,13,10,1784384919,"Saturday, July 18, 2026 02:28 PM"
647ab357-962a-4d2b-bebc-d0588e7d8b77,ZG y4mi,Ascent,Competitive,Jett,Duelista,9,1,11,6,"['TWFG Mama', 'VOID HEART', 'Cunhexxx', 'K4GE']",Bronze,3.0,"['Sage', 'Omen', 'Jett', 'Gekko', 'Neon']",130.765,1,0,1,13,4,1784416255,"Saturday, July 18, 2026 11:10 PM"
7b46e6a5-9db7-41c1-83e3-c9f6bbb3c40d,ZG y4mi,Summit,Competitive,Jett,Duelista,17,5,15,10,"['K4GE', 'i am miks wife', 'UN WINSTON', 'PinguMery']",Bronze,3.0,"['Reyna', 'Vyse', 'Clove', 'Skye', 'Jett']",227.381,2,2,2,13,8,1784413652,"Saturday, July 18, 2026 10:27 PM"
c7633e33-57e2-43b9-8b00-747de02d9d68,ZG y4mi,Split,Competitive,Jett,Duelista,26,3,16,17,"['K4GE', 'cryboyoffff', 'Valoriyaesta', 'Wolfy']",Bronze,3.0,"['Chamber', 'Brimstone', 'Skye', 'Yoru', 'Jett']",285.667,2,1,0,11,13,1784398716,"Saturday, July 18, 2026 06:18 PM"
2655b4eb-9903-435c-8ee5-11fb4dedad15,ZG y4mi,Sunset,Competitive,Jett,Duelista,16,4,17,3,"['Gimliii', 'bustangel', 'K4GE', 'TuAbuelita1890']",Bronze,3.0,"['Skye', 'Chamber', 'Jett', 'Waylay', 'Clove']",190.739,0,0,0,10,13,1784418053,"Saturday, July 18, 2026 11:40 PM"
c1996e96-ca75-4c66-b138-44b476545202,ZG y4mi,Sunset,Competitive,Jett,Duelista,9,1,12,6,"['cryboyoffff', 'K4GE', 'Yuha', 'tmlbox']",Bronze,3.0,"['Vyse', 'Waylay', 'Miks', 'Gekko', 'Jett']",157.0,1,0,0,4,13,1784477054,"Sunday, July 19, 2026 04:04 PM"
b0d6037b-b73f-410f-b4b5-af9f681a6488,ZG y4mi,Lotus,Competitive,Tejo,Iniciador,26,4,15,21,"['LBCREEPER', 'K4GE', 'MKG MawZer', 'cryboyoffff']",Bronze,3.0,"['Sage', 'Neon', 'Tejo', 'Reyna', 'Brimstone']",330.048,0,0,1,13,8,1784474568,"Sunday, July 19, 2026 03:22 PM"
da78093e-3164-4813-8dac-47b57f25620a,ZG y4mi,Ascent,Competitive,Jett,Duelista,12,1,8,7,"['SergioGay', 'MICODEORO', 'PEG4SUS', 'K4GE']",Bronze,3.0,"['Reyna', 'Sage', 'Jett', 'Miks', 'Neon']",189.375,0,0,1,13,3,1784509162,"Monday, July 20, 2026 12:59 AM"
14fcd33d-a24c-4ccc-b880-1b1370e3e67b,ZG y4mi,Lotus,Competitive,Jett,Duelista,10,1,13,5,"['GS 666', 'K4GE', 'Adeliie', 'noxoHUB']",Bronze,3.0,"['Chamber', 'Jett', 'Neon', 'Clove', 'Fade']",186.625,0,0,0,3,13,1784562367,"Monday, July 20, 2026 03:46 PM"
1698273b-8fe6-4ec8-858b-560ac05bd8a4,ZG y4mi,Ascent,Competitive,Jett,Duelista,25,6,22,10,"['LinaV', 'K4GE', 'noxoHUB', 'bellingham']",Bronze,3.0,"['Sage', 'Omen', 'Fade', 'Jett', 'Reyna']",244.107,1,2,1,15,13,1784559529,"Monday, July 20, 2026 02:58 PM"
0f11a69c-9c8b-4f60-ae9d-4006cbffe5d6,ZG y4mi,Summit,Competitive,Jett,Duelista,5,2,6,2,"['lapipa22', 'K4GE', 'Hulito2377', 'Kikizinha']",Bronze,3.0,"['Veto', 'Reyna', 'Tejo', 'Clove', 'Jett']",111.786,1,1,0,1,6,1784558667,"Monday, July 20, 2026 02:44 PM"
2fb8d86a-7348-4c2f-9d23-ee7ebeacdd44,ZG y4mi,Lotus,Competitive,Jett,Duelista,18,4,16,6,"['K4GE', 'MQ Terok', 'Prodemm', 'soker600']",Bronze,3.0,"['Neon', 'Omen', 'Gekko', 'Sage', 'Jett']",237.217,1,0,1,13,10,1784588607,"Monday, July 20, 2026 11:03 PM"
c5fe7eb4-235c-49ae-a4a9-168d36a43491,ZG y4mi,Split,Competitive,Tejo,Iniciador,15,4,22,6,"['brayan123', 'Pinguina', 'LBS IBUPROFENO', 'K4GE']",Bronze,3.0,"['Reyna', 'Sage', 'Tejo', 'Omen', 'Neon']",163.607,0,2,0,13,15,1784591177,"Monday, July 20, 2026 11:46 PM"
ec0175d6-ab3d-43c5-b640-4b3c764f13f0,ZG y4mi,Split,Competitive,Jett,Duelista,23,4,16,13,"['K4GE', 'doryy', 'CHUSINKONG', 'loquitaxlabanana']",Bronze,3.0,"['Jett', 'Neon', 'Omen', 'Breach', 'Vyse']",266.583,2,0,1,13,11,1784645984,"Tuesday, July 21, 2026 02:59 PM"
0155f61a-7058-4ddd-8a3e-04c648bfd5ea,ZG y4mi,Haven,Competitive,Jett,Duelista,14,2,14,8,"['60Hz', 'eldes puntillado', 'BOTdeConfi', 'K4GE']",Bronze,3.0,"['Brimstone', 'KAY/O', 'Jett', 'Sage', 'Neon']",238.0,1,0,0,4,13,1784643879,"Tuesday, July 21, 2026 02:24 PM"
5e776ac5-f4b0-4ab4-9c90-07124bc484b6,ZG y4mi,Haven,Competitive,Jett,Duelista,16,5,19,5,"['楽しみながら遊ぶ', 'SEN Kirisu', 'K4GE', 'Garner']",Bronze,3.0,"['Sage', 'Reyna', 'Skye', 'Omen', 'Jett']",186.25,1,0,1,13,11,1784676230,"Tuesday, July 21, 2026 11:23 PM"
58e77664-2947-4f36-b736-df109504a34a,ZG y4mi,Breeze,Competitive,Jett,Duelista,21,3,15,8,"['K4GE', 'Cryboy', 'CoemsKing432', 'Padredicorciado']",Bronze,3.0,"['Jett', 'Sova', 'Yoru', 'Miks', 'Chamber']",280.5,1,0,0,7,13,1784678853,"Wednesday, July 22, 2026 12:07 AM"
3cd4d199-da89-457c-917d-a6bf7b118aaf,ZG y4mi,Ascent,Competitive,Jett,Duelista,12,2,15,11,"['Grand Thragg', 'Pinguino', 'K4GE', 'Pinguina']",Bronze,3.0,"['Jett', 'Chamber', 'Tejo', 'Neon', 'Clove']",215.882,1,0,0,4,13,1784844313,"Thursday, July 23, 2026 10:05 PM"
f35d767d-11af-4238-a802-acd3715fced6,ZG y4mi,Split,Competitive,Jett,Duelista,10,5,10,6,"['kratos234', 'MamberroiJR', 'K4GE', 'paulo20117']",Bronze,3.0,"['Miks', 'Killjoy', 'Jett', 'Neon', 'Chamber']",161.75,1,0,1,13,7,1785021115,"Saturday, July 25, 2026 11:11 PM"
b1a99c2c-8f3d-4086-9d0e-11fc882e9eb9,ZG y4mi,Summit,Competitive,Jett,Duelista,15,6,18,9,"['ragdoll', 'mcastr87', 'K4GE', 'Cryboy']",Bronze,3.0,"['Sage', 'Miks', 'Jett', 'Reyna', 'Tejo']",203.739,0,1,0,10,13,1785025112,"Sunday, July 26, 2026 12:18 AM"
c4766668-75e8-45ff-b6da-3bdbeacf3541,ZG y4mi,Haven,Competitive,Jett,Duelista,11,4,16,5,"['ALEX229PALADIN', 'Giover22', 'Clabucce', 'K4GE']",Bronze,3.0,"['Sova', 'Sage', 'Clove', 'Jett', 'Neon']",129.273,0,1,0,9,13,1785105927,"Sunday, July 26, 2026 10:45 PM"
e8c4ba5e-5fc6-4e34-b47d-8f96c8c873e3,ZG y4mi,Fracture,Swiftplay,Jett,Duelista,5,0,6,3,"['lucario69', 'T50hola1', 'topuria', 'EUSEBIO']",Unrated,,"['Yoru', 'Raze', 'Chamber', 'Sage', 'Jett']",172.0,0,0,0,3,5,1785258740,"Tuesday, July 28, 2026 05:12 PM"
7707ae1a-1ba1-4d47-9a06-a097b391a3a7,ZG y4mi,Corrode,Swiftplay,Jett,Duelista,1,0,6,1,"['AndaluzOrgulloso', 'Twixツ', 'zombieconfetti', 'Intrusa']",Unrated,,"['Jett', 'Raze', 'Reyna', 'Skye', 'Clove']",52.429,1,0,0,2,5,1785282183,"Tuesday, July 28, 2026 11:43 PM"
56618cb0-6d0b-48ee-85b6-5e544022f495,ZG y4mi,Summit,Competitive,Jett,Duelista,17,1,13,9,"['K4GE', 'caLo', 'AQwArY', 'Джерард']",Bronze,3.0,"['Jett', 'Skye', 'Clove', 'Reyna', 'Chamber']",215.857,0,0,0,8,13,1785453615,"Thursday, July 30, 2026 11:20 PM"
405477e2-0aa2-41a9-bea8-121a0ba2402f,ZG y4mi,Haven,Competitive,Jett,Duelista,18,2,15,17,"['K4GE', 'MAIN JETT', 'A C E globoooo', 'pesca truchas']",Bronze,3.0,"['Clove', 'Chamber', 'Sova', 'Jett', 'Reyna']",246.19,3,3,1,13,8,1785444733,"Thursday, July 30, 2026 08:52 PM"
5aaf217d-772a-4f8c-9cfe-dcada76e9c38,ZG y4mi,Lotus,Competitive,Chamber,Centinela,25,1,10,19,"['JGjesus8', 'K4GE', 'Congui 25', 'NOCTYX29']",Bronze,3.0,"['Jett', 'Neon', 'Omen', 'Chamber', 'Gekko']",328.895,3,1,2,13,6,1785441732,"Thursday, July 30, 2026 08:02 PM"
5c35c5e9-0a0f-46a4-b1d8-fdf67fdd48ef,ZG y4mi,Sunset,Competitive,Fade,Iniciador,15,3,16,8,"['ENDLINE', 'SEN Xeri', 'GodLeroni', 'K4GE']",Bronze,3.0,"['Jett', 'Miks', 'Sage', 'Neon', 'Fade']",208.35,0,0,0,7,13,1785458903,"Friday, July 31, 2026 12:48 AM"
57ff5ea1-381d-4a48-8574-78254840b4d4,ZG y4mi,Sunset,Competitive,Fade,Iniciador,18,8,9,12,"['PipoRealKing', 'maisterrckk', 'yamii', 'K4GE']",Bronze,3.0,"['Chamber', 'Iso', 'Fade', 'Omen', 'Neon']",241.7,1,0,1,13,7,1785456015,"Friday, July 31, 2026 12:00 AM"
caecc2b8-a3fa-46d7-a1a4-f342e448e663,ZG y4mi,Haven,Competitive,Jett,Duelista,18,3,9,6,"['Le70n', 'K4GE', 'Cryboy', 'unleashed demon']",Bronze,3.0,"['Sage', 'Jett', 'Neon', 'Tejo', 'Clove']",203.619,0,0,1,13,8,1785514941,"Friday, July 31, 2026 04:22 PM"
93b76086-5eda-4899-8729-61fe0dccde73,ZG y4mi,Ascent,Competitive,Jett,Duelista,11,3,7,6,"['Eaagle', 'Rudies', 'Cryboy', 'K4GE']",Bronze,3.0,"['Clove', 'Killjoy', 'Sova', 'Neon', 'Jett']",190.2,1,0,2,13,2,1785513010,"Friday, July 31, 2026 03:50 PM"
1836d8ac-0a2a-4832-a89a-58586feb4bb3,ZG y4mi,Summit,Competitive,Jett,Duelista,22,3,11,6,"['Cryboy', 'FaZeYassX', 'K4GE', 'ImLqiRcH']",Bronze,3.0,"['Tejo', 'Yoru', 'Cypher', 'Jett', 'Clove']",233.318,0,0,1,13,9,1785544395,"Saturday, August 01, 2026 12:33 AM"
7cea7779-f4ae-48b2-9624-e912f335e0ff,ZG y4mi,Lotus,Competitive,Jett,Duelista,20,2,21,15,"['Primo der pipa', 'K4GE', 'AntonioRecio28', 'Arekr0']",Silver,1.0,"['Skye', 'Jett', 'Neon', 'Miks', 'Chamber']",211.429,4,0,0,14,14,1785601076,"Saturday, August 01, 2026 04:17 PM"
b45a95ae-be23-4a07-875f-af4987c6345d,ZG y4mi,Ascent,Competitive,Jett,Duelista,24,1,15,10,"['xexu', 'K4GE', 'Cryboy', 'Acho el Ozcar']",Silver,1.0,"['Jett', 'Clove', 'Neon', 'Tejo', 'Cypher']",293.19,1,0,0,8,13,1785624224,"Saturday, August 01, 2026 10:43 PM"
9f289e03-fa62-4f99-a930-c63251ffb0ef,ZG y4mi,Sunset,Competitive,Jett,Duelista,14,2,14,10,"['Cryboy', 'venturaaa', 'Kyuツ', 'K4GE']",Silver,1.0,"['Tejo', 'Jett', 'Miks', 'Sage', 'Neon']",164.333,0,2,1,13,8,1785621720,"Saturday, August 01, 2026 10:02 PM"
08ce23b5-79f9-490f-86a3-cda4265aeed5,ZG y4mi,Lotus,Competitive,Jett,Duelista,9,2,15,6,"['RocolfoKoi', 'K4GE', 'muriking', 'cheese']",Silver,1.0,"['Brimstone', 'Jett', 'Neon', 'Chamber', 'Skye']",146.167,0,0,0,5,13,1785604107,"Saturday, August 01, 2026 05:08 PM"
16a52bdb-8540-4493-afdc-98231393ec86,ZG y4mi,Split,Competitive,Jett,Duelista,17,4,15,13,"['K4GE', 'nonoos', 'IMAD', '希特曼']",Silver,1.0,"['Neon', 'Sage', 'Jett', 'Skye', 'Miks']",269.556,1,0,0,5,13,1785682381,"Sunday, August 02, 2026 02:53 PM"
aa8ab26f-4952-457e-a4d8-9100784d3e15,ZG y4mi,Haven,Competitive,Jett,Duelista,11,1,17,8,"['K4GE', 'BotMikai', 'nocesaxd', 'youc4rlz']",Silver,1.0,"['Jett', 'Clove', 'Deadlock', 'Sage', 'Reyna']",149.818,1,2,0,9,13,1785713064,"Sunday, August 02, 2026 11:24 PM"
9a374d00-a70b-4712-835e-3c495bec3a19,ZG y4mi,Lotus,Competitive,Chamber,Centinela,13,4,12,3,"['PollitoAlaBrasa', 'K4GE', 'SRJIBION', 'THEGAMEGM']",Silver,1.0,"['Breach', 'Neon', 'Omen', 'Reyna', 'Chamber']",175.65,1,0,1,13,7,1785710342,"Sunday, August 02, 2026 10:39 PM"
627642c4-edf5-4862-9a84-619ffc9d74d1,ZG y4mi,Lotus,Competitive,Jett,Duelista,13,2,13,7,"['pau71771', 'Ace德', 'usera228', 'K4GE']",Silver,1.0,"['Reyna', 'Veto', 'Clove', 'Neon', 'Jett']",145.333,0,0,2,13,11,1785707867,"Sunday, August 02, 2026 09:57 PM"
91e41ccc-0f6f-47f5-9407-39a4790a8a52,ZG y4mi,Haven,Competitive,Jett,Duelista,15,2,14,6,"['K4GE', 'noxoHUB', 'Luis Aranha', 'flipernoob']",Silver,1.0,"['Jett', 'Clove', 'Phoenix', 'Breach', 'Sage']",164.417,0,3,3,13,11,1785694482,"Sunday, August 02, 2026 06:14 PM"
b6dd3352-4edf-4c93-b3ac-1f4e864109fd,ZG y4mi,Ascent,Competitive,Tejo,Iniciador,12,1,13,9,"['Nico Williams Jr', 'K4GE', 'Sukuna', 'Toji 死']",Silver,1.0,"['Chamber', 'Tejo', 'Neon', 'Phoenix', 'Miks']",147.333,0,1,1,13,8,1785808128,"Tuesday, August 04, 2026 01:48 AM"
feeb12ec-1170-4fca-a684-dbd0151bf327,ZG y4mi,Split,Competitive,Phoenix,Duelista,15,4,9,9,"['ItsLincon', 'RTX5090Ti', 'K4GE', '4645654851']",Silver,1.0,"['Vyse', 'Chamber', 'Phoenix', 'Neon', 'Brimstone']",210.059,0,0,2,13,4,1785805803,"Tuesday, August 04, 2026 01:10 AM"
fd1ecfec-7306-4466-b047-3c6d666b7f57,ZG y4mi,Breeze,Competitive,Phoenix,Duelista,14,9,16,10,"['K4GE', 'el gominola', 'finn el gitano', 'Raulitov']",Silver,1.0,"['Phoenix', 'Brimstone', 'Gekko', 'Chamber', 'Jett']",173.708,0,0,1,13,11,1785885841,"Tuesday, August 04, 2026 11:24 PM"
4204c39c-1cf5-4aa6-9742-2ec74373a1d4,ZG y4mi,Lotus,Competitive,Jett,Duelista,14,2,17,6,"['Viejobarsa', 'K4GE', 'Aitor is so good', 'PATICA']",Silver,1.0,"['Brimstone', 'Jett', 'Neon', 'Breach', 'Phoenix']",196.952,2,2,0,8,13,1785872766,"Tuesday, August 04, 2026 07:46 PM"
b5f93190-df3a-44d3-8167-9f83a6c3aa92,ZG y4mi,Ascent,Competitive,Phoenix,Duelista,14,4,13,7,"['K4GE', 'Brunotto', 'Keka37000', 'EverNight']",Silver,1.0,"['Phoenix', 'Neon', 'Chamber', 'Sova', 'Viper']",202.444,1,1,0,5,13,1785870018,"Tuesday, August 04, 2026 07:00 PM"
8b79695d-a2dd-4217-9d9a-7614dadf73d0,ZG y4mi,Sunset,Competitive,Jett,Duelista,12,1,22,7,"['K4GE', 'Albert Roqueti', 'LeRogerr', 'Pitmonster27']",Silver,1.0,"['Neon', 'Sage', 'KAY/O', 'Jett', 'Clove']",128.385,2,1,0,12,14,1785948055,"Wednesday, August 05, 2026 04:40 PM"
d6a85ee2-8dcc-43b7-86c0-72e636cfe68b,ZG y4mi,Haven,Competitive,Jett,Duelista,23,3,16,14,"['desdentaao', 'andalewey', 'K4GE', 'DavidGustamante']",Silver,1.0,"['Omen', 'Clove', 'Jett', 'Neon', 'Chamber']",257.25,1,0,1,13,11,1785945018,"Wednesday, August 05, 2026 03:50 PM"
42759a40-6146-46e7-ab14-31276cedba12,ZG y4mi,Lotus,Competitive,Phoenix,Duelista,10,2,15,8,"['TH izan', 'K4GE', '塞爾吉奧', 'aronciky95']",Silver,1.0,"['Phoenix', 'Yoru', 'Omen', 'Chamber', 'Fade']",182.684,2,0,0,6,13,1785940148,"Wednesday, August 05, 2026 02:29 PM"
17785613-1acd-4df1-aaf2-d612089b7dc5,ZG y4mi,Sunset,Competitive,Phoenix,Duelista,17,7,15,11,"['mazazofestero', 'N00B Spain', 'K4GE', 'kagosk']",Silver,1.0,"['Miks', 'Breach', 'Phoenix', 'Neon', 'Chamber']",280.474,2,0,0,6,13,1785970592,"Wednesday, August 05, 2026 10:56 PM"
ea59b23f-a9ce-45a3-b8bd-55cb1428d009,ZG y4mi,Summit,Competitive,Viper,Controlador,13,5,15,5,"['Compincha', 'Dyrroth', 'hhhjhhhhj', 'K4GE']",Bronze,3.0,"['Sage', 'Viper', 'Miks', 'KAY/O', 'Neon']",165.818,0,1,0,9,13,1786059866,"Thursday, August 06, 2026 11:44 PM"
b552416d-68d7-4b30-aee5-64023426cc92,ZG y4mi,Lotus,Competitive,Phoenix,Duelista,14,5,10,7,"['Maltirgendwie', 'Noico', 'ITADORI', 'K4GE']",Bronze,3.0,"['Sage', 'Phoenix', 'Gekko', 'Clove', 'Neon']",182.955,2,0,1,13,9,1786057304,"Thursday, August 06, 2026 11:01 PM"
f1554c4e-33ad-4166-90cc-c5e4fcc70fa2,ZG y4mi,Ascent,Competitive,Phoenix,Duelista,19,3,15,9,"['K4GE', 'Reaper', 'Cebollas Pochada', 'PatoMareado']",Bronze,3.0,"['Phoenix', 'Neon', 'Skye', 'Cypher', 'Clove']",204.826,2,0,0,10,13,1786030033,"Thursday, August 06, 2026 03:27 PM"
31c9501b-4482-4960-ba1c-ddc4b0c2e1bb,ZG y4mi,Breeze,Competitive,Phoenix,Duelista,24,3,16,13,"['chafcha', 'IYED', 'K4GE', 'Sapphire']",Bronze,3.0,"['Chamber', 'Jett', 'Phoenix', 'Sova', 'Clove']",296.273,1,2,0,9,13,1786150481,"Saturday, August 08, 2026 12:54 AM"
4f29a900-ebf0-435d-bba5-12c7dab13e8d,ZG y4mi,Summit,Competitive,Tejo,Iniciador,18,5,13,12,"['K4GE', 'WTRLaw', 'Lululu', 'MasterFine']",Bronze,3.0,"['Tejo', 'Reyna', 'Jett', 'Sage', 'Omen']",232.571,1,0,0,8,13,1786147906,"Saturday, August 08, 2026 12:11 AM"
c7b7d41d-2605-47e4-90fd-d469aaabfbf5,ZG y4mi,Ascent,Competitive,Phoenix,Duelista,12,4,8,8,"['K4GE', 'Brietteoe', 'GrimmjowN6', 'raio']",Bronze,3.0,"['Neon', 'Cypher', 'Omen', 'Gekko', 'Phoenix']",155.944,0,1,1,13,5,1786145502,"Friday, August 07, 2026 11:31 PM"
1cdd5e55-b539-4be0-9bd9-8a1d658873b8,ZG y4mi,Sunset,Competitive,Fade,Iniciador,9,4,19,6,"['nožičky', 'K4GE', 'mira', 'naum']",Bronze,3.0,"['Sage', 'Fade', 'Neon', 'Miks', 'Reyna']",130.455,0,2,0,9,13,1786198584,"Saturday, August 08, 2026 02:16 PM"
c147b699-2715-4189-9589-ed10eee3f1a7,ZG y4mi,Ascent,Competitive,Phoenix,Duelista,0,1,5,1,"['K4GE', 'lul', 'Morphix', 'Dragonfruit']",Bronze,3.0,"['Phoenix', 'Neon', 'Miks', 'Sage', 'Gekko']",9.077,0,0,0,0,5,1786197762,"Saturday, August 08, 2026 02:02 PM"
136e620b-00d3-4e6f-b174-2a6f43d77517,ZG y4mi,Haven,Swiftplay,Jett,Duelista,9,2,8,6,"['his touka', 'K4GE', 'c15con turbo VLG', 'LvsyFeR']",Unrated,,"['Astra', 'Neon', 'Chamber', 'Phoenix', 'Jett']",292.667,0,0,0,4,5,1786230813,"Saturday, August 08, 2026 11:13 PM"
4ca8e499-d9ea-4696-8af7-d20049df1cad,ZG y4mi,Sunset,Competitive,Phoenix,Duelista,14,6,7,9,"['K4GE', 'isaquinzel', 'SinceRow', 'AHMEX']",Bronze,3.0,"['Jett', 'Skye', 'Omen', 'Sage', 'Phoenix']",275.286,0,0,1,13,1,1786227741,"Saturday, August 08, 2026 10:22 PM"
d3fa04a2-313a-4fe1-9946-cc0c074b22d5,ZG y4mi,Ascent,Competitive,Phoenix,Duelista,9,4,14,10,"['Seeen', 'REZ00X', 'Sir Panza', 'K4GE']",Bronze,3.0,"['Miks', 'Chamber', 'Phoenix', 'KAY/O', 'Neon']",153.81,0,0,0,8,13,1786232107,"Saturday, August 08, 2026 11:35 PM"
0ad9ec2c-4b80-4c43-9618-55ce854aa688,ZG y4mi,Split,Competitive,Clove,Controlador,15,7,17,8,"['K4GE', 'Zilki', 'NyaOfBonk', 'ZxNovaa']",Bronze,3.0,"['Neon', 'Tejo', 'Iso', 'Clove', 'Killjoy']",207.5,0,2,0,9,13,1786287917,"Sunday, August 09, 2026 03:05 PM"
af19aa44-f7a2-4dc6-a933-271ae3baa218,ZG y4mi,Sunset,Competitive,Phoenix,Duelista,17,4,17,11,"['K4GE', 'matemartinbar', 'Perfect human', 'vikfonete']",Bronze,3.0,"['Phoenix', 'Skye', 'Omen', 'Veto', 'Chamber']",195.292,2,0,0,11,13,1786303953,"Sunday, August 09, 2026 07:32 PM"
814cd07c-190e-4d6d-9a6d-04bec11bdf99,ZG y4mi,Ascent,Competitive,Phoenix,Duelista,16,3,6,14,"['benten4b', 'K4GE', '3rxbixxヤ', 'al 3arandass']",Bronze,3.0,"['Deadlock', 'Phoenix', 'Neon', 'Fade', 'Clove']",225.667,2,0,1,13,5,1786301821,"Sunday, August 09, 2026 06:57 PM"
bace7307-07ee-42d1-83c2-afe300181307,ZG y4mi,Drift,Team Deathmatch,Jett,Duelista,15,6,17,12,"['Paolo Maldini', 'SHADOW', 'EQL maci', 'K4GE']",Unrated,,"['Iso', 'Reyna', 'Jett', 'Chamber', 'Raze']",4286.0,0,0,1,100,89,1786322845,"Monday, August 10, 2026 12:47 AM"
fc220e92-5b64-4f26-9d2e-dd418d28684f,ZG y4mi,Summit,Competitive,Omen,Controlador,18,6,14,15,"['K4GE', 'alvexis125825487', 'mondy', 'Souji Okita']",Bronze,3.0,"['Omen', 'Sage', 'Reyna', 'Gekko', 'Neon']",227.714,0,1,0,8,13,1786319748,"Sunday, August 09, 2026 11:55 PM"
a64ca871-062b-4431-9feb-1fa8ba8bb9d4,ZG y4mi,Glitch,Team Deathmatch,Neon,Duelista,6,0,15,3,"['Fl1cker', 'kotaz', 'cuarlos', 'Smoug']",Unrated,,"['Reyna', 'Jett', 'Phoenix', 'Raze', 'Neon']",1734.0,0,0,1,100,92,1786369312,"Monday, August 10, 2026 01:41 PM"
758c2a73-de44-424d-9d9d-1602ff9b1851,ZG y4mi,District,Team Deathmatch,Neon,Duelista,11,1,20,4,"['amine', 'K4GE', 'Cisko', 'Elcolgado']",Unrated,,"['Neon', 'Raze', 'Reyna', 'Jett', 'Cypher']",2774.0,0,0,0,85,100,1786404768,"Monday, August 10, 2026 11:32 PM"
5f157ab8-88cc-48b9-80a9-81d1de4a66a3,ZG y4mi,Breeze,Competitive,Phoenix,Duelista,5,4,13,6,"['K4GE', 'Dot Com', 'Taebo', 'JulesYYa']",Bronze,2.0,"['Sova', 'Killjoy', 'Phoenix', 'Reyna', 'Miks']",56.667,1,1,1,13,11,1786386443,"Monday, August 10, 2026 06:27 PM"
d2510659-2004-4522-9149-457c0415532c,ZG y4mi,Lotus,Competitive,Reyna,Duelista,9,1,15,4,"['xdbrooo69', 'uider', 'Nyx弔', 'K4GE']",Bronze,3.0,"['Sage', 'Clove', 'Cypher', 'Reyna', 'Neon']",162.588,0,0,0,4,13,1786383578,"Monday, August 10, 2026 05:39 PM"
f475dd81-f83f-40de-b64e-425ea020201c,ZG y4mi,Glitch,Team Deathmatch,Jett,Duelista,12,7,21,10,"['MORGAN00KL', 'RiderPa', 'K4GE', 'JoséBajartangas']",Unrated,,"['Clove', 'Phoenix', 'Neon', 'Jett', 'Reyna']",3691.0,0,0,0,96,100,1786382960,"Monday, August 10, 2026 05:29 PM"
783cb849-59ff-47b5-9884-9e2f059b8649,ZG y4mi,Lotus,Competitive,Omen,Controlador,25,3,10,16,"['yownes', 'hbenlekbir', 'K4GE', 'Aghilas']",Bronze,3.0,"['Omen', 'Chamber', 'Reyna', 'Neon', 'Tejo']",304.714,0,1,1,13,8,1786409438,"Tuesday, August 11, 2026 12:50 AM"
b17e29d9-ecaf-4434-adbf-58d3b172ac2c,ZG y4mi,Haven,Competitive,Jett,Duelista,18,3,5,16,"['Aghilas', 'Ayoub', 'K4GE', 'yownes']",Bronze,2.0,"['Tejo', 'Clove', 'Jett', 'Neon', 'Sage']",289.625,5,2,2,13,3,1786405726,"Monday, August 10, 2026 11:48 PM"
1881c06c-142f-47b2-8106-58a5b341e98c,ZG y4mi,Ascent,Competitive,Omen,Controlador,13,7,14,6,"['Mbawebo', 'K4GE', 'necavalon', 'philip oias']",Bronze,3.0,"['Omen', 'Sage', 'Neon', 'Chamber', 'Phoenix']",130.417,0,0,1,13,11,1786461925,"Tuesday, August 11, 2026 03:25 PM"
c48fc349-cc45-434f-b7cd-3955bf9061dd,ZG y4mi,Lotus,Competitive,Phoenix,Duelista,12,1,15,9,"['K4GE', 'BENS M1', 'Aghilas', 'yownes']",Bronze,3.0,"['Neon', 'Astra', 'Phoenix', 'Tejo', 'Chamber']",181.8,1,2,0,7,13,1786483603,"Tuesday, August 11, 2026 09:26 PM"
f8b03e79-2179-4339-bca9-286653d60c8d,ZG y4mi,Sunset,Competitive,Omen,Controlador,14,3,13,9,"['yownes', 'BENS M1', 'Aghilas', 'K4GE']",Bronze,3.0,"['Deadlock', 'Omen', 'Breach', 'Tejo', 'Neon']",279.733,1,0,0,2,13,1786481611,"Tuesday, August 11, 2026 08:53 PM"
a46b3fa0-97d7-4e72-8f11-27fa77669794,ZG y4mi,Breeze,Competitive,Omen,Controlador,22,11,18,12,"['K4GE', 'ego4507p', 'yownes', 'Mohssine']",Bronze,3.0,"['Sova', 'Omen', 'Reyna', 'Chamber', 'Phoenix']",228.731,1,1,0,12,14,1786468735,"Tuesday, August 11, 2026 05:18 PM"
a9fffcfb-1ea3-467e-8272-0c9d33c40af9,ZG y4mi,Ascent,Competitive,Omen,Controlador,17,6,16,8,"['K4GE', 'OGT Mojadito', 'sofisc', 'Aaronah422']",Bronze,3.0,"['Neon', 'Omen', 'Sage', 'KAY/O', 'Reyna']",154.964,0,0,0,14,14,1786541810,"Wednesday, August 12, 2026 01:36 PM"
830ba165-bdca-4917-94a4-2655c365d01f,ZG y4mi,Sunset,Competitive,Phoenix,Duelista,6,3,13,2,"['K4GE', 'Ayoub', 'THEmsmen enjoyer', 'Mintone']",Bronze,3.0,"['Chamber', 'Phoenix', 'Tejo', 'Miks', 'Reyna']",172.714,2,1,0,1,13,1786571888,"Wednesday, August 12, 2026 09:58 PM"
64a113db-ffed-46c6-9f4d-5c2a6ba86f9b,ZG y4mi,Ascent,Competitive,Phoenix,Duelista,9,8,11,8,"['Ayoub', 'THEmsmen enjoyer', 'K4GE', 'Mintone']",Bronze,3.0,"['Tejo', 'Phoenix', 'Miks', 'Neon', 'Killjoy']",198.133,2,1,1,13,2,1786570055,"Wednesday, August 12, 2026 09:27 PM"
c40a1ee5-960d-4a3f-87a9-b6b7ea3645b6,ZG y4mi,Split,Competitive,Chamber,Centinela,21,5,14,10,"['Ayoub', 'K4GE', 'THEmsmen enjoyer', 'The Cursed One']",Bronze,3.0,"['Tejo', 'Neon', 'Chamber', 'Reyna', 'Omen']",247.364,0,0,2,13,9,1786566541,"Wednesday, August 12, 2026 08:29 PM"
8c1f49d8-e9df-492d-8283-adc9dad064d1,ZG y4mi,Breeze,Swiftplay,Jett,Duelista,0,1,7,0,"['defnotdazai', 'FelipeJr', 'Cabrales', 'Foxy']",Unrated,,"['Yoru', 'Sage', 'Jett', 'Viper', 'Tejo']",18.125,0,4,1,5,3,1786671271,"Friday, August 14, 2026 01:34 AM"
5d30e147-64a6-4778-ae03-bc17c1193417,ZG y4mi,Sunset,Competitive,Jett,Duelista,16,3,11,9,"['rayomcqueen33', 'SARJAN 3ISA', 'elpelo28', 'perrisjorg']",Bronze,3.0,"['Omen', 'Jett', 'Veto', 'Tejo', 'Phoenix']",217.0,3,0,1,13,8,1786749676,"Friday, August 14, 2026 11:21 PM"
43d8d577-26a0-4ab6-abd1-be45fccb4bd1,ZG y4mi,Haven,Competitive,Omen,Controlador,13,7,17,11,"['vinyoles', 'Subaru NaTski', 'THEmsmen enjoyer', 'B U M S H 4']",Bronze,3.0,"['Sova', 'Chamber', 'Reyna', 'Jett', 'Omen']",156.913,2,0,0,10,13,1786886284,"Sunday, August 16, 2026 01:18 PM"
56eb8d8e-4029-4684-9f32-26c3278e0297,ZG y4mi,Split,Competitive,Omen,Controlador,10,3,19,8,"['Ladrondepat107', 'iz24gm10', 'winner1', 'nayy']",Bronze,3.0,"['Reyna', 'Gekko', 'Omen', 'Chamber', 'Clove']",137.8,1,0,0,7,13,1786911105,"Sunday, August 16, 2026 08:11 PM"
fc96b8f1-ad4c-4bd1-89f0-ba342e7bf35f,ZG y4mi,Split,Competitive,Omen,Controlador,10,2,15,8,"['CroquetaDeLefa', 'cr0queticæ', 'Rx8Javi', 'NavarroG']",Bronze,3.0,"['Omen', 'Phoenix', 'Gekko', 'Tejo', 'Jett']",150.684,1,1,0,6,13,1786990724,"Monday, August 17, 2026 06:18 PM"
786b2be6-15b8-42ad-8edf-4a8a7cf7ba35,ZG y4mi,Lotus,Competitive,Miks,Controlador,27,8,16,27,"['noxoHUB', '7af7af', 'RAGNAAAR', 'BELHEDDA']",Bronze,3.0,"['Phoenix', 'Reyna', 'Miks', 'Chamber', 'Fade']",367.304,2,1,0,10,13,1787146837,"Wednesday, August 19, 2026 01:40 PM"
05a6a0aa-8147-41de-a9a8-769637edc4b7,ZG y4mi,Haven,Competitive,Miks,Controlador,25,16,13,19,"['Kawashy', 'BELHEDDA', 'noxoHUB', 'M O W G L I']",Unrated,,"['Raze', 'Fade', 'Sage', 'Miks', 'Reyna']",390.579,1,0,1,13,6,1787144224,"Wednesday, August 19, 2026 12:57 PM"
57354c97-4417-49e1-81c6-bddf0c4070bc,ZG y4mi,Summit,Competitive,Waylay,Duelista,14,3,7,6,"['K4GE', 'EROS LIK3 QLOS', 'indodiegus', 'fusilajudios']",Bronze,3.0,"['Waylay', 'Neon', 'Veto', 'KAY/O', 'Clove']",242.125,1,0,1,13,3,1787419447,"Saturday, August 22, 2026 05:24 PM"
5bfbdb2c-d9bf-4f80-9dfd-0ba7a7681dc5,ZG y4mi,Summit,Competitive,Waylay,Duelista,19,2,16,16,"['Caramelshift', 'K4GE', 'z1ki', 'Sr Pirucho']",Bronze,3.0,"['Miks', 'Waylay', 'Skye', 'Chamber', 'Reyna']",175.846,0,0,2,14,12,1787415808,"Saturday, August 22, 2026 04:23 PM"
3477832b-065c-4c9e-a891-ea89f1ec2b8a,ZG y4mi,Split,Competitive,Waylay,Duelista,12,3,13,7,"['K4GE', 'Gonga29', 'Adricapro', 'R0drigo90']",Bronze,3.0,"['Neon', 'Waylay', 'Cypher', 'Omen', 'Phoenix']",163.727,0,2,1,13,9,1787499920,"Sunday, August 23, 2026 03:45 PM"
d53d3613-38aa-4db4-9d03-365efc308f04,ZG y4mi,Abyss,Competitive,Jett,Duelista,23,6,15,14,"['Jaozin', 'Jirass G', 'Renaldd', 'K4GE']",Bronze,3.0,"['Omen', 'KAY/O', 'Sage', 'Reyna', 'Jett']",294.409,1,1,0,9,13,1787497246,"Sunday, August 23, 2026 03:00 PM"
a76665eb-dfe6-4b83-b7d3-5f1fe026c3b8,ZG y4mi,Sunset,Competitive,Waylay,Duelista,15,5,11,8,"['Santii19', 'K4GE', 'MarCat', 'pedidy']",Bronze,3.0,"['Sage', 'Waylay', 'Omen', 'Sova', 'Phoenix']",257.294,0,0,0,4,13,1787494951,"Sunday, August 23, 2026 02:22 PM"
a00e0c96-b6f9-4051-9f0a-8187b3aa3adc,ZG y4mi,Split,Competitive,Jett,Duelista,15,1,12,9,"['Compos03', 'TPL  Raulexra', 'Shikamaru', 'K4GE']",Bronze,3.0,"['Miks', 'Sova', 'Jett', 'Sage', 'Neon']",213.611,0,0,0,5,13,1787492871,"Sunday, August 23, 2026 01:47 PM"
5eee4a2a-fbda-40dc-915f-eb560bc17434,ZG y4mi,Lotus,Competitive,Waylay,Duelista,15,5,15,10,"['K4GE', 'MustardBoy', 'ermendez18', 'Mamaducr']",Bronze,3.0,"['Waylay', 'Neon', 'Brimstone', 'Fade', 'Sage']",203.9,1,0,1,13,7,1787769806,"Wednesday, August 26, 2026 06:43 PM"
e6bb815b-6e2c-442b-b578-04593ccad028,ZG y4mi,Abyss,Competitive,Jett,Duelista,3,0,6,2,"['lostbox2003', 'Luckyboy', 'cozetxdi', 'K4GE']",Bronze,3.0,"['Sage', 'Clove', 'Jett', 'Breach', 'Neon']",85.846,1,0,0,0,6,1787769041,"Wednesday, August 26, 2026 06:30 PM"
b2a7d4b0-bd60-4021-a36a-50d383c174d0,ZG y4mi,Sunset,Competitive,Waylay,Duelista,12,2,7,7,"['HONORABLE', 'K4GE', '3rxbixxヤ', 'i miss her feet']",Bronze,3.0,"['Omen', 'Skye', 'Waylay', 'Chamber', 'Reyna']",139.474,0,0,1,13,6,1788220653,"Monday, August 31, 2026 11:57 PM"
50846f21-9a0b-4bbc-bcad-15984b5fd64b,ZG y4mi,Sunset,Competitive,Waylay,Duelista,10,7,14,10,"['K4GE', 'spookycee', 'noxoHUB', 'bilalrtb']",Bronze,3.0,"['Skye', 'Cypher', 'Clove', 'Jett', 'Waylay']",181.5,0,0,0,5,13,1788266305,"Tuesday, September 01, 2026 12:38 PM"
0618e0cf-68b9-45d6-812e-c1ad9c7287d4,ZG y4mi,Split,Competitive,Omen,Controlador,7,2,10,3,"['BELHEDDA', 'K4GE', 'noxoHUB', 'ZeroX']",Bronze,3.0,"['Omen', 'Tejo', 'Neon', 'Phoenix', 'Sage']",142.429,0,1,0,1,13,1788268248,"Tuesday, September 01, 2026 01:10 PM"
3ae6a87a-0e75-4d75-a835-553e5dafe393,ZG y4mi,Haven,Competitive,Skye,Iniciador,3,13,17,2,"['A H M E E D', 'noxoHUB', 'K4GE', 'spookycee']",Bronze,3.0,"['Skye', 'Waylay', 'Phoenix', 'Astra', 'Cypher']",58.5,0,1,0,11,13,1788290138,"Tuesday, September 01, 2026 07:15 PM"
93f1e4f8-e8f0-4f6f-a08c-0d001fe8cd1f,ZG y4mi,Summit,Competitive,Waylay,Duelista,19,5,13,12,"['希特曼', 'K4GE', 'noxoHUB', 'A H M E E D']",Bronze,3.0,"['Miks', 'Cypher', 'Phoenix', 'Fade', 'Waylay']",272.5,3,1,1,13,7,1788373885,"Wednesday, September 02, 2026 06:31 PM"
e5ee8550-e6ae-47ee-9830-009c770183a9,ZG y4mi,Abyss,Competitive,Jett,Duelista,11,4,16,8,"['noxoHUB', 'Mok n7wiha', 'K4GE', '3rxbixxヤ']",Bronze,3.0,"['Sage', 'Clove', 'Sova', 'Reyna', 'Jett']",129.125,1,1,1,12,12,1788362008,"Wednesday, September 02, 2026 03:13 PM"
abb01e6d-d200-4ca7-bffe-4fddb518c6b1,ZG y4mi,Lotus,Competitive,Waylay,Duelista,18,7,16,12,"['3rxbixxヤ', 'K4GE', 'noxoHUB', 'Mok n7wiha']",Bronze,3.0,"['Chamber', 'Waylay', 'Skye', 'Raze', 'Clove']",223.522,4,1,2,13,10,1788359597,"Wednesday, September 02, 2026 02:33 PM"
91142ad0-51cd-46b5-960c-ca3895bc2c92,ZG y4mi,Ascent,Competitive,Waylay,Duelista,18,3,5,12,"['A H M E E D', 'noxoHUB', 'GOONKILL', 'K4GE']",Bronze,3.0,"['Waylay', 'Fade', 'Phoenix', 'Sage', 'Astra']",308.067,1,0,1,13,2,1788376820,"Wednesday, September 02, 2026 07:20 PM"
9e34cc9e-b1d3-4729-9f02-4b30b59f20d3,ZG y4mi,Lotus,Competitive,Jett,Duelista,8,5,14,5,"['Sayfer', 'L3mod', 'BELHEDDA', 'K4GE']",Bronze,3.0,"['Jett', 'Deadlock', 'Brimstone', 'Skye', 'Neon']",106.909,0,1,1,13,9,1788390858,"Wednesday, September 02, 2026 11:14 PM"
e0969939-b3ed-4be6-b7b7-ed5f9172b8ae,ZG y4mi,Summit,Competitive,Waylay,Duelista,14,6,17,11,"['Sayfer', 'MBK', 'BELHEDDA', 'K4GE']",Bronze,3.0,"['Sage', 'Waylay', 'Jett', 'Tejo', 'Astra']",193.318,0,2,0,9,13,1788388106,"Wednesday, September 02, 2026 10:28 PM"
d275c380-837c-4792-be14-702e9c635bd3,ZG y4mi,Split,Competitive,Waylay,Duelista,19,8,22,14,"['N4kaMur4', 'BELHEDDA', 'A H M E E D', 'K4GE']",Bronze,3.0,"['Waylay', 'Miks', 'Tejo', 'Reyna', 'Cypher']",227.038,3,3,0,12,14,1788379105,"Wednesday, September 02, 2026 07:58 PM"
59d7f4a9-0cc1-443c-b0c8-d9b486325e27,ZG y4mi,Haven,Competitive,Clove,Controlador,28,9,27,23,"['Makemooney', 'brujitoooos', 'Patrick Jane', 'yiyi3693']",Bronze,3.0,"['Jett', 'Chamber', 'Clove', 'Raze', 'Sova']",232.353,2,5,0,17,17,1788475214,"Thursday, September 03, 2026 10:40 PM"
74ea24f2-70df-4742-8ff9-65b8909b567d,ZG y4mi,Summit,Competitive,Waylay,Duelista,13,6,15,11,"['Kidayman97', 'Steel', 'ivy', 'BELHEDDA']",Bronze,3.0,"['Waylay', 'Brimstone', 'Deadlock', 'Reyna', 'Tejo']",158.391,0,0,0,10,13,1788471333,"Thursday, September 03, 2026 09:35 PM"
1850fa2f-b2b6-4fc7-8d5a-75da52a6d205,ZG y4mi,Sunset,Competitive,Waylay,Duelista,22,4,14,15,"['SaltyA', 'OneTrickPitbull', 'BELHEDDA', 'Kidayman97']",Bronze,3.0,"['Waylay', 'Clove', 'Jett', 'Tejo', 'Cypher']",283.105,1,0,1,13,6,1788469324,"Thursday, September 03, 2026 09:02 PM"
9b6e0b29-b002-4708-ba21-02660db4eed4,ZG y4mi,Ascent,Competitive,Waylay,Duelista,20,4,15,12,"['BELHEDDA', 'RAGNAAAR', 'LKN DARKO', 'K4GE']",Bronze,3.0,"['Fade', 'Phoenix', 'Waylay', 'Clove', 'Vyse']",263.952,4,0,2,13,8,1788466561,"Thursday, September 03, 2026 08:16 PM"
f5606e66-f985-451e-9e30-21badd59afdb,ZG y4mi,Ascent,Competitive,Waylay,Duelista,19,5,16,13,"['luzzz', 'Lmch', 'BomaYé', 'Lezard']",Bronze,3.0,"['Waylay', 'Chamber', 'Jett', 'Skye', 'Miks']",219.042,3,1,1,13,11,1788548750,"Friday, September 04, 2026 07:05 PM"
51b9c83b-61c9-4612-af83-2b9ab28d52ae,ZG y4mi,Ascent,Competitive,Jett,Duelista,15,2,17,14,"['BAYSARIKAYA', 'Für Elise', 'K4GE', 'fselov3rg']",Silver,1.0,"['Sage', 'Omen', 'Neon', 'Sova', 'Jett']",166.87,3,3,0,10,13,1788627610,"Saturday, September 05, 2026 05:00 PM"
3a838ba1-e5e6-4f88-9add-0a29d65e5076,ZG y4mi,Lotus,Competitive,Fade,Iniciador,16,4,7,11,"['Haribo', 'I miss Max', 'I miss Emil', 'numemisto5']",Bronze,3.0,"['Omen', 'Chamber', 'Jett', 'Reyna', 'Fade']",231.722,1,0,1,13,5,1788622658,"Saturday, September 05, 2026 03:37 PM"
37642159-205e-446a-ae98-59f6f9aa7175,ZG y4mi,Sunset,Competitive,Waylay,Duelista,14,3,12,11,"['Mimoon', 'guybwoy', 'Maddz', 'K4GE']",Bronze,3.0,"['Waylay', 'Raze', 'Clove', 'Sage', 'Skye']",159.636,0,1,2,13,9,1788619966,"Saturday, September 05, 2026 02:52 PM"
20ce54b7-d696-4773-b639-9e2244e08591,ZG y4mi,Abyss,Competitive,Jett,Duelista,12,2,19,9,"['white raven', 'K4GE', 'محاولة لطيفة', 'Ğ Ä Ť Ä Ť Ä ヅ']",Silver,1.0,"['Cypher', 'Jett', 'Iso', 'Clove', 'Fade']",145.217,0,2,0,10,13,1788630274,"Saturday, September 05, 2026 05:44 PM"
84e8506c-ad35-4243-83d3-34d5f3553447,ZG y4mi,Summit,Competitive,Waylay,Duelista,16,6,11,16,"['Khouna', 'Sayfer', 'BELHEDDA', 'K4GE']",Silver,1.0,"['Omen', 'Waylay', 'Sage', 'Tejo', 'Reyna']",252.053,0,1,1,13,6,1788648181,"Saturday, September 05, 2026 10:43 PM"
e789bac0-b100-4eaf-b310-c18061e00c10,ZG y4mi,Abyss,Competitive,Jett,Duelista,10,1,17,5,"['Khouna', 'BELHEDDA', 'Sayfer', 'K4GE']",Silver,1.0,"['Sage', 'Jett', 'Brimstone', 'Sova', 'Reyna']",131.4,1,1,0,7,13,1788645706,"Saturday, September 05, 2026 10:01 PM"
09440408-3018-4299-ac56-bb3cd78dcb0d,ZG y4mi,Haven,Competitive,Waylay,Duelista,17,7,16,14,"['Sayfer', 'K4GE', 'BELHEDDA', 'Khouna']",Silver,1.0,"['Cypher', 'Omen', 'KAY/O', 'Waylay', 'Sage']",179.231,1,0,1,14,12,1788642409,"Saturday, September 05, 2026 09:06 PM"
dca5512e-1b3b-4100-ae22-a3224dcdc211,ZG y4mi,Lotus,Competitive,Waylay,Duelista,11,3,17,4,"['Cygx', 'GiantSteps', 'K4GE', 'Bierbauch Pirat']",Silver,1.0,"['Fade', 'Waylay', 'Miks', 'Neon', 'Sage']",112.818,1,1,0,9,13,1788708156,"Sunday, September 06, 2026 03:22 PM"
53b09f14-cb04-4652-9e79-56595f0aa7a6,ZG y4mi,Summit,Competitive,Waylay,Duelista,7,5,12,5,"['LKN DARKO', 'ENVY RIN', 'K4GE', 'm3rt']",Silver,1.0,"['Sage', 'Miks', 'Neon', 'Cypher', 'Waylay']",112.905,2,1,1,13,8,1788703378,"Sunday, September 06, 2026 02:02 PM"
e1bd2220-c7b5-45ac-8692-7d112cae6972,ZG y4mi,Lotus,Competitive,Fade,Iniciador,13,13,12,9,"['BirdxY', 'K4GE', 'Physalis69', 'ntawlidha']",Silver,1.0,"['Clove', 'Neon', 'Cypher', 'Fade', 'Reyna']",156.167,2,1,1,13,11,1788738088,"Sunday, September 06, 2026 11:41 PM"
158bb91a-52f1-4923-95b6-c7898697dd2a,ZG y4mi,Abyss,Competitive,Waylay,Duelista,15,1,15,13,"['El coge burras', 'K4GE', 'AtomicVMP', 'depende del dia']",Silver,1.0,"['Sova', 'Yoru', 'Waylay', 'Cypher', 'Clove']",203.556,0,2,0,5,13,1788736126,"Sunday, September 06, 2026 11:08 PM"
f26ed781-60aa-4cf8-9b44-8679ea925447,ZG y4mi,Split,Competitive,Waylay,Duelista,11,1,16,8,"['WalidX', 'CaptainHashi', 'Luxpux', 'LaalmaaniZabourr']",Silver,1.0,"['Sage', 'Clove', 'Reyna', 'Waylay', 'Fade']",158.952,2,2,0,8,13,1788804463,"Monday, September 07, 2026 06:07 PM"
2ddf4a9b-8d12-4aae-98e3-c55199f0d1ce,ZG y4mi,Split,Competitive,Chamber,Centinela,13,1,13,7,"['yownes', 'Cryboy', 'K4GE', 'abdo']",Silver,1.0,"['Chamber', 'Miks', 'Tejo', 'Neon', 'Yoru']",206.688,1,0,0,3,12,1788798187,"Monday, September 07, 2026 04:23 PM"
05e55504-e2b3-4b06-9a1f-dc60edf1ac03,ZG y4mi,Ascent,Competitive,Fade,Iniciador,18,4,17,11,"['HONORABLE', 'moondragon', 'K4GE', 'i miss her  toes']",Silver,1.0,"['Fade', 'Iso', 'Killjoy', 'Clove', 'Cypher']",193.333,2,0,0,11,13,1788823824,"Monday, September 07, 2026 11:30 PM"
c03dcb75-87ea-4b62-9817-5138f7e7726c,ZG y4mi,Haven,Competitive,Fade,Iniciador,18,8,15,14,"['fenEvil', 'Sakura Chiyono O', 'K4GE', 'M4BOU']",Silver,1.0,"['Fade', 'Reyna', 'Cypher', 'Neon', 'Omen']",237.5,2,0,1,13,11,1788821061,"Monday, September 07, 2026 10:44 PM"
11de8765-7818-44d0-9f3b-41d05c55b0fd,ZG y4mi,Sunset,Competitive,Jett,Duelista,10,0,13,7,"['Cryboy', 'lhbil', 'K4GE', 'VanitasX']",Silver,1.0,"['Jett', 'Sage', 'Miks', 'Neon', 'Fade']",142.722,0,0,0,5,13,1788971849,"Wednesday, September 09, 2026 04:37 PM"
c418e30c-4000-468d-a792-0140cf1b6531,ZG y4mi,Sunset,Competitive,Waylay,Duelista,23,5,14,13,"['0342r', 'Cryboy', 'K4GE', 'MochrikiOp']",Silver,1.0,"['Sage', 'Skye', 'Waylay', 'Jett', 'Brimstone']",275.818,1,0,1,13,9,1788969124,"Wednesday, September 09, 2026 03:52 PM"
c9c0e0f6-7975-4f24-8555-cae8b8d98218,ZG y4mi,Haven,Competitive,Fade,Iniciador,17,5,18,10,"['3mo Talal', 'Sayfer', 'K4GE', 'ZeroX']",Silver,1.0,"['Cypher', 'Tejo', 'Fade', 'Omen', 'Phoenix']",146.067,2,1,1,16,14,1788994483,"Wednesday, September 09, 2026 10:54 PM"
bd611eff-0910-4c09-8ac5-5d0afec497d4,ZG y4mi,Summit,Competitive,Waylay,Duelista,21,5,17,13,"['A H M E E D', '么Katakuri么', 'K4GE', 'Sayfer']",Silver,1.0,"['Fade', 'Omen', 'Neon', 'Sage', 'Waylay']",237.609,0,2,0,10,13,1788990912,"Wednesday, September 09, 2026 09:55 PM"
3b4b0ea8-3f4f-49d0-9925-114c8bbf2db0,ZG y4mi,Lotus,Competitive,Chamber,Centinela,24,1,11,15,"['A H M E E D', 'BELHEDDA', '么Katakuri么', 'K4GE']",Silver,1.0,"['Clove', 'Fade', 'Jett', 'Neon', 'Chamber']",269.087,0,0,1,13,10,1788987986,"Wednesday, September 09, 2026 09:06 PM"
bf9f1b5f-d142-4178-a551-a53d4bb44aca,ZG y4mi,Ascent,Competitive,Waylay,Duelista,13,2,13,8,"['K4GE', 'RabiHitman', 'BlackEye', 'Fedee3e']",Silver,1.0,"['Chamber', 'Waylay', 'Gekko', 'Jett', 'Miks']",160.571,1,1,0,8,13,1789051953,"Thursday, September 10, 2026 02:52 PM"
4ab064b6-82b2-4c60-8c52-603942981ddf,ZG y4mi,Split,Competitive,Tejo,Iniciador,7,6,15,5,"['meymetidövmekiyi', 'Mstf2016', 'i miss aim', 'K4GE']",Silver,1.0,"['Cypher', 'Tejo', 'Jett', 'Miks', 'Neon']",128.909,1,0,0,9,13,1789049351,"Thursday, September 10, 2026 02:09 PM"
